Tree_ID,E,N,Height_m,Crown_Diameter_m
1,2612750.1596875,1266073.195625,291.7,4.51
2,2612753.48,1266073.43,291.7,1.95
3,2612772.296666667,1266007.0883333334,289.15,4.37
4,2612264.1675,1266150.695625,288.23,3.19
5,2612189.591111111,1266117.8744444444,287.64,3.39
6,2612261.105,1266152.3526190475,287.85,5.17
7,2612228.136779661,1266080.557118644,286.61,4.33
8,2612261.850481928,1266145.2974698795,286.44,5.14
9,2612696.4383333335,1266013.2573809524,286.43,5.17
10,2612245.03,1266092.9744444443,285.93,3.78
11,2612247.626226415,1266074.7979245281,285.85,4.11
12,2612220.37,1266082.8099999998,285.41,2.82
13,2612236.5413207547,1266173.467735849,285.41,4.11
14,2612794.1711764704,1266027.0182352941,285.32,2.33
15,2612201.32375,1266116.33625,285.31,2.26
16,2612219.5966666667,1266087.73,285.27,2.19
17,2612113.827826087,1266163.4626086955,285.23,3.83
18,2612235.968095238,1266110.4776190475,285.16,2.59
19,2612209.415185185,1266158.365185185,285.07,4.15
20,2612106.473243243,1266129.1056756757,285.05,3.43
21,2613264.33,1266089.03,285.0,1.78
22,2612688.3162068967,1266021.2575862068,284.93,3.04
23,2612247.1823809524,1266089.287142857,284.79,2.59
24,2612739.753809524,1266003.2395238094,284.7,3.66
25,2612111.9864102565,1266260.506923077,284.66,3.52
26,2612252.8633333333,1266137.655,284.62,4.37
27,2612759.112352941,1266004.6652941175,284.59,2.33
28,2613175.4267741935,1266890.1558064516,284.59,7.02
29,2612202.855,1266143.9091666667,284.58,2.76
30,2612667.2734782607,1266020.734347826,284.52,2.71
31,2613258.8889595377,1266817.7161271675,284.52,7.42
32,2612115.757777778,1266197.5188888889,284.48,5.35
33,2612258.3386956523,1266085.7778260869,284.44,2.71
34,2612204.0376923075,1266140.2376923077,284.41,2.03
35,2612229.3966666665,1266163.4538095237,284.38,2.59
36,2612219.5829411764,1266076.5476470587,284.36,2.33
37,2612727.23,1266028.6118181818,284.35,2.65
38,2612638.11,1266008.43,284.27,2.82
39,2613246.3750617285,1266729.139876543,284.18,7.18
40,2612239.2855555555,1266168.9855555554,284.15,2.39
41,2612242.9211764704,1266161.7535294117,284.15,3.29
42,2612278.452222222,1266222.1337037035,284.15,2.93
43,2612640.38,1266005.055,284.15,2.52
44,2612789.505362319,1266005.698115942,284.12,4.69
45,2612794.2876923075,1266064.853076923,284.12,2.88
46,2612245.866363636,1266158.3845454545,284.09,1.87
47,2612134.5633333335,1266335.8077777778,284.07,3.78
48,2612190.444285714,1266132.4776190475,284.06,2.59
49,2612158.98,1266318.43,284.04,1.95
50,2612107.163333333,1266241.6633333333,284.03,2.19
51,2612110.099047619,1266185.1442857143,283.99,3.66
52,2612279.460769231,1266234.1223076922,283.97,2.03
53,2612260.5818518517,1266088.5225925925,283.96,2.93
54,2612126.3014285713,1266199.6919047618,283.95,2.59
55,2612302.4713793104,1266187.2231034483,283.88,3.04
56,2612776.1744444445,1266032.93,283.87,2.39
57,2612706.3133333335,1266038.7355555554,283.81,2.39
58,2612722.0514285713,1266042.1085714286,283.71,2.11
59,2612201.98,1266232.291111111,283.7,2.39
60,2613243.252727273,1266726.3845454545,283.67,3.74
61,2612298.435128205,1266179.7376923077,283.64,3.52
62,2612710.69875,1266039.33625,283.61,2.26
63,2612130.2684615385,1266289.006923077,283.57,2.03
64,2612278.1977419355,1266225.3009677418,283.56,3.14
65,2612439.1871428574,1266117.1871428571,283.52,3.34
66,2612675.452222222,1266051.2077777777,283.52,2.39
67,2612534.805,1266014.805,283.47,2.52
68,2612520.53,1266013.78,283.42,3.09
69,2612719.960769231,1266037.7376923077,283.42,2.03
70,2612273.0425,1266136.4508333332,283.33,2.76
71,2612318.7496078433,1266625.6015686274,283.33,5.7
72,2612692.08,1266050.755,283.33,2.52
73,2612141.655,1266437.18,283.28,2.52
74,2612306.17,1266187.89,283.28,2.82
75,2612437.653076923,1266113.1992307692,283.27,2.03
76,2612162.98,1266243.68,283.26,2.52
77,2612686.2981818183,1266018.6118181818,283.25,2.65
78,2612224.3453846155,1266166.8915384614,283.24,2.03
79,2612539.413333333,1266013.93,283.24,3.09
80,2612143.2152941176,1266440.5770588235,283.22,4.65
81,2612405.0836585364,1266116.4909756097,283.21,3.61
82,2612782.23,1266001.166842105,283.67,2.46
83,2612392.1764285713,1266125.412142857,283.2,2.99
84,2612323.8378431373,1266307.1456862744,283.17,4.03
85,2612906.48,1266217.287142857,283.17,2.11
86,2612657.0633333335,1266043.1442857143,283.16,2.59
87,2612310.9096875,1266288.1721875,283.15,4.51
88,2612734.43,1266105.4633333334,283.1,2.19
89,2612529.9748979593,1266019.3381632653,283.04,3.95
90,2612394.7508333335,1266160.7008333332,283.03,2.76
91,2612273.849047619,1266220.310952381,282.99,2.59
92,2612396.98,1266134.5436363635,282.99,2.65
93,2612902.8992307694,1266080.099230769,282.99,4.55
94,2612730.0395238097,1266076.3823809524,282.98,3.66
95,2612404.48,1266128.537142857,282.94,2.11
96,2612433.753809524,1266111.7633333332,282.89,2.59
97,2612194.87516129,1266378.6074193548,282.78,3.14
98,2612419.3633333333,1266103.5966666667,282.71,2.19
99,2612487.093095238,1266129.775238095,282.66,5.17
100,2612679.7157142856,1266032.1871428571,282.66,3.34
101,2612742.960769231,1266033.506923077,282.64,2.03
102,2612305.933703704,1266176.2448148148,282.62,2.93
103,2612390.136976744,1266300.7439534883,282.6,3.7
104,2612146.3966666665,1266437.7633333332,282.59,1.95
105,2612178.3912903224,1266297.5912903226,282.58,3.14
106,2612109.9652941176,1266354.8711764705,282.56,2.33
107,2612191.5633333335,1266223.5633333332,282.56,2.19
108,2612334.4142105263,1266172.1405263157,282.56,2.46
109,2612480.03,1266137.13,282.55,2.19
110,2612530.265714286,1266005.0014285713,282.53,2.11
111,2612902.0021518986,1266238.4046835443,282.47,5.01
112,2612737.28,1266108.905,282.43,2.52
113,2612681.612352941,1266008.3417647057,282.4,2.33
114,2612514.48,1266022.58625,282.36,2.26
115,2612440.8352631577,1266107.4036842105,282.34,2.46
116,2612298.89875,1266598.3924999998,282.29,5.05
117,2612733.444285714,1266013.9061904761,282.28,2.59
118,2612311.641764706,1266170.7535294117,282.24,2.33
119,2612810.206744186,1266045.406744186,282.14,3.7
120,2613136.5216666665,1266163.2425,282.14,3.91
121,2612663.9204761903,1266043.0966666667,282.13,2.59
122,2612387.163333333,1266132.7633333332,282.12,2.19
123,2612379.8371428573,1266192.7514285713,282.09,2.11
124,2612158.73,1266200.7355555554,282.08,2.39
125,2613356.4175,1266098.726875,282.07,3.19
126,2612698.3133333335,1266097.5341666667,282.04,2.76
127,2612992.763333333,1266189.1855555554,282.04,3.78
128,2612756.806923077,1266014.3146153844,282.02,2.03
129,2612155.355,1266229.98,282.01,2.52
130,2612181.319285714,1266372.2692857143,281.99,2.99
131,2612140.148918919,1266481.0516216215,281.97,4.85
132,2612388.207272727,1266185.589090909,281.97,2.65
133,2612404.889090909,1266172.5209090908,281.94,3.74
134,2612267.0966666667,1266231.5966666667,281.93,2.19
135,2612442.5562711866,1266586.24779661,281.93,6.13
136,2612380.252727273,1266139.9527272726,281.92,2.65
137,2612270.012608696,1266366.3213043478,281.91,2.71
138,2612792.753809524,1266081.0490476189,281.86,2.59
139,2612265.3386956523,1266373.1908695651,281.85,2.71
140,2612134.055,1266514.155,281.78,2.52
141,2612713.73,1266030.18,281.77,2.39
142,2612138.177368421,1266484.8510526316,281.75,2.46
143,2613326.804074074,1266300.8929629629,281.73,4.15
144,2612505.0425,1266147.33625,281.72,2.26
145,2612736.0514285713,1266046.037142857,281.72,2.11
146,2612915.4719354836,1266225.0187096773,281.68,4.44
147,2612969.47691358,1266311.3559259258,281.67,5.08
148,2613112.23,1266149.6314925372,281.62,6.53
149,2612814.999230769,1266094.2953846154,281.58,2.88
150,2612183.442121212,1266409.1875757575,281.57,3.24
151,2612507.964375,1266158.726875,281.57,3.19
152,2612144.7138709677,1266551.0429032256,281.5,3.14
153,2612334.9858139534,1266320.0346511628,281.48,3.7
154,2612381.95,1266299.21,281.48,2.82
155,2612384.48,1266144.43,281.48,2.11
156,2612862.7036842103,1266070.2457894736,281.48,2.46
157,2612105.9966666666,1266357.0966666667,281.46,2.19
158,2612905.6025490197,1266075.6162745098,281.46,4.03
159,2612139.73,1266550.5878947368,281.45,3.48
160,2612321.576153846,1266317.93,281.45,2.03
161,2612280.252727273,1266368.589090909,281.43,2.65
162,2612958.4495121953,1266297.5275609756,281.42,5.11
163,2612308.4878125,1266412.3596875,281.39,4.51
164,2612390.134761905,1266152.810952381,281.37,2.59
165,2612749.7036842103,1266062.5089473682,281.37,2.46
166,2612259.333448276,1266234.3093103447,281.35,3.04
167,2612968.9621428573,1266272.5907142856,281.34,2.99
168,2612370.2103921566,1266346.8613725489,281.33,4.03
169,2612929.8089473685,1266309.8510526316,281.33,2.46
170,2612492.612352941,1266141.224117647,281.3,2.33
171,2612677.32375,1266038.02375,281.3,2.26
172,2612502.577826087,1266162.6039130434,281.29,2.71
173,2612141.405,1266484.8924999998,281.27,3.57
174,2612464.8758333335,1266688.8258333332,281.27,2.76
175,2612875.73,1266220.2682352941,281.27,3.29
176,2612687.4175,1266092.43,281.25,2.26
177,2612970.8604347827,1266282.3647826086,281.25,2.71
178,2612873.925652174,1266058.4879710143,281.23,4.69
179,2613026.2906060605,1266180.4148484848,281.23,3.24
180,2613040.859032258,1266217.2848387095,281.23,4.44
181,2612680.83,1266089.7966666666,281.22,2.19
182,2612182.9223076925,1266383.1607692307,281.21,2.03
183,2612343.6585714286,1266338.8585714286,281.21,2.59
184,2612396.2127586207,1266180.5506896551,281.21,3.04
185,2612818.413333333,1266091.2466666666,281.2,3.09
186,2612426.48,1266198.43,281.18,2.65
187,2612130.868888889,1266543.8744444444,281.17,2.39
188,2612148.6675,1266466.305,281.15,3.19
189,2612391.3014285713,1266306.4657142856,281.13,2.11
190,2613391.83,1266282.505,281.13,2.52
191,2612398.403076923,1266177.3723076922,281.12,2.88
192,2612165.466842105,1266390.1142105262,281.11,2.46
193,2612489.9633333334,1266145.3633333333,281.11,2.19
194,2612527.5871428573,1266171.387142857,281.11,3.34
195,2612883.532325581,1266203.7904651163,281.11,3.7
196,2612812.6466666665,1266255.4657142856,281.1,3.66
197,2613064.5020588236,1266251.3344117648,281.1,4.65
198,2612431.2195833335,1266593.39875,281.09,3.91
199,2612118.764722222,1266538.916111111,281.07,4.79
200,2612284.1585714286,1266365.6442857143,281.06,2.59
201,2612543.019473684,1266013.4036842105,281.06,2.46
202,2612663.696666667,1266066.13,281.06,2.19
203,2612912.282631579,1266248.1405263157,281.06,2.46
204,2612136.2754545454,1266425.3087878788,281.05,3.24
205,2612388.2855555555,1266292.568888889,281.0,2.39
206,2612799.765714286,1266465.412142857,280.99,4.22
207,2612351.779180328,1266339.667704918,280.97,4.41
208,2612359.33,1266339.3633333333,280.96,2.19
209,2612913.794102564,1266077.147948718,280.95,3.52
210,2612190.82375,1266369.33625,280.94,2.26
211,2612421.849047619,1266193.8823809524,280.94,2.59
212,2612896.4935135134,1266042.8624324324,280.94,4.85
213,2612882.23,1266080.1415384614,280.93,2.88
214,2613324.0191566264,1266296.6107228915,280.93,5.14
215,2612518.515714286,1266165.787142857,280.92,2.11
216,2612336.952222222,1266306.318888889,280.91,2.93
217,2612674.3057575757,1266060.733030303,280.91,3.24
218,2612464.8878947366,1266685.3510526316,280.9,2.46
219,2612717.9908695654,1266108.4952173913,280.87,2.71
220,2612707.841111111,1266057.2355555554,280.86,2.39
221,2612509.5605084747,1266170.2435593219,280.82,4.33
222,2612164.4966666666,1266986.8633333333,280.81,2.19
223,2612238.03,1266787.4466666665,280.81,3.09
224,2613324.621891892,1266202.0516216215,280.81,3.43
225,2612123.8014285713,1266259.822857143,280.8,2.11
226,2613022.6510526314,1266182.772105263,280.8,2.46
227,2612697.5829411764,1266540.1064705881,280.78,3.29
228,2612346.5871428573,1266326.0626530612,280.74,3.95
229,2613039.007777778,1266214.4855555554,280.74,2.39
230,2612153.164782609,1266434.3647826086,280.72,2.71
231,2612106.784347826,1266433.973478261,280.71,3.83
232,2612269.0376923075,1266378.006923077,280.71,2.03
233,2612871.4223076925,1266220.1415384614,280.66,2.88
234,2612954.73,1266309.8123529411,280.65,2.33
235,2612273.23,1266376.68,280.64,2.11
236,2612718.5871428573,1266106.0014285713,280.63,1.49
237,2612260.000491803,1266345.405409836,280.62,4.41
238,2612919.466842105,1266216.9036842105,280.62,3.48
239,2612127.957272727,1266619.1118181818,280.59,1.87
240,2612813.444285714,1266205.322857143,280.59,2.11
241,2612143.4085714286,1266328.037142857,280.57,2.11
242,2612853.112352941,1266254.0770588235,280.55,2.33
243,2612430.255,1266206.105,280.52,2.52
244,2612782.9880645163,1266380.0106451612,280.52,3.14
245,2612451.7754545454,1266227.68,280.51,2.65
246,2612704.98,1266011.93,280.51,2.11
247,2613212.284054054,1266910.8218918918,280.51,3.43
248,2613331.8966666665,1266200.8221568626,280.51,4.03
249,2612840.88625,1266073.8675,280.49,2.26
250,2612901.9142105263,1266074.5615789474,280.46,2.46
251,2612983.5829411764,1266307.5770588235,280.45,2.33
252,2612154.526875,1266462.476875,280.44,3.19
253,2612384.366363636,1266391.7027272726,280.43,3.24
254,2612659.694285714,1266024.072857143,280.43,2.11
255,2612142.5414754096,1266475.6759016393,280.42,4.41
256,2612954.5560869565,1266313.8213043478,280.42,2.71
257,2613043.6585714286,1266952.1442857143,280.42,2.11
258,2612835.847647059,1266103.635882353,280.4,2.33
259,2612816.1744444445,1266054.8744444444,280.39,2.39
260,2612907.024117647,1266196.3711764705,280.39,2.33
261,2612984.93,1266237.13,280.39,2.19
262,2613090.1439344264,1266224.3890163933,280.39,6.23
263,2612788.466842105,1266105.4036842105,280.38,2.46
264,2612807.5984210526,1266039.0878947368,280.37,2.46
265,2612922.806923077,1266088.0838461537,280.35,4.98
266,2612695.9223076925,1266044.353076923,280.34,2.03
267,2612762.3371428573,1266344.4442857143,280.34,4.72
268,2612241.9118181816,1266790.3845454545,280.33,1.87
269,2612438.6537288134,1266214.9554237288,280.33,4.33
270,2613220.14,1266829.395,280.32,5.64
271,2612802.8453846155,1266049.7184615384,280.3,2.88
272,2612270.23,1266350.18,280.29,1.95
273,2612361.6247368422,1266352.9036842105,280.28,2.46
274,2612898.3966666665,1266264.8402564102,280.28,3.52
275,2612939.23,1266096.8675,280.28,3.57
276,2612677.9591666665,1266107.6175,280.27,2.76
277,2612804.5818518517,1266101.078148148,280.26,2.93
278,2613052.5525806453,1266987.182688172,280.26,5.44
279,2612769.48,1266497.5942857142,280.25,4.72
280,2612444.53,1266278.63,280.22,2.19
281,2612311.2734782607,1266409.038695652,280.21,2.71
282,2612391.153076923,1266289.0582051282,280.21,3.52
283,2612242.858205128,1266787.1992307692,280.2,3.52
284,2612732.136779661,1266414.8537288136,280.2,4.33
285,2612802.8453846155,1266468.6735897434,280.2,3.52
286,2612286.9085714286,1266391.787142857,280.19,2.11
287,2612445.019473684,1266222.377368421,280.19,2.46
288,2612898.0514285713,1266070.5014285713,280.19,2.11
289,2612892.2197959186,1266239.0218367346,280.17,3.95
290,2612887.832739726,1266224.642328767,280.16,4.82
291,2613155.8646153845,1266869.103076923,280.16,2.88
292,2612459.48,1266596.4855555554,280.14,4.15
293,2612527.466842105,1266183.2984210525,280.14,2.46
294,2612525.137407407,1266185.7818518518,280.12,2.93
295,2612976.763333333,1266285.8633333333,280.12,2.19
296,2612442.38625,1266218.8675,280.09,2.26
297,2612741.957272727,1266056.748181818,280.08,2.65
298,2612917.5457894737,1266099.43,280.08,2.46
299,2612119.0008333335,1266592.8570833332,280.07,3.91
300,2612891.8528070175,1266255.0966666667,280.07,4.26
301,2612726.6570833335,1266305.0341666667,280.06,5.53
302,2613192.6247368422,1266802.535263158,280.06,2.46
303,2613043.796666667,1266229.23,280.04,2.19
304,2613046.700588235,1266208.724117647,280.04,2.33
305,2612447.5525806453,1266789.7041935483,280.03,3.14
306,2613372.491904762,1266248.5014285713,280.03,2.59
307,2613372.82375,1266251.89875,280.03,2.26
308,2612270.589375,1266411.27375,280.02,3.19
309,2613387.6883333335,1266264.3133333332,280.01,4.37
310,2612645.921780822,1266726.840958904,279.99,4.82
311,2612807.89,1266092.65,279.99,2.82
312,2612857.6982539683,1266304.533174603,279.99,4.48
313,2612578.663333333,1266669.9022222222,279.98,5.35
314,2612860.45,1266185.53,279.96,2.82
315,2612288.1618181816,1266399.089090909,279.93,2.65
316,2612157.6466666665,1266555.2216666667,279.89,2.76
317,2612339.9827472526,1266632.43,279.89,5.38
318,2612662.4358823528,1266014.9594117648,279.88,2.33
319,2612538.0871428573,1266201.4061904761,279.87,2.59
320,2612434.4982926827,1266340.8690243901,279.85,3.61
321,2612519.196666667,1266176.5633333332,279.85,2.19
322,2612477.821666667,1266399.8216666665,279.84,4.37
323,2612746.73,1266044.3123529411,279.84,2.33
324,2613249.43,1266841.03,279.84,2.19
325,2612374.5376923075,1266197.6607692307,279.83,2.03
326,2613057.013333333,1266246.0466666666,279.83,3.09
327,2613060.3728571427,1266246.9657142856,279.83,2.11
328,2612279.8453846155,1266398.0453846154,279.79,2.03
329,2612435.816956522,1266271.538695652,279.79,2.71
330,2613078.123442623,1266246.7414754098,279.79,4.41
331,2612520.78,1266667.4549999998,279.78,2.52
332,2612656.311395349,1266337.43,279.78,3.7
333,2612830.6704761903,1266388.1264285713,279.77,5.17
334,2613141.6510526314,1266813.43,279.77,2.46
335,2612554.214848485,1266199.7178787878,279.76,3.24
336,2612471.0355555555,1266392.4022222222,279.75,3.39
337,2612109.841111111,1266589.68,279.73,2.39
338,2612618.425652174,1266594.234347826,279.71,2.71
339,2612994.5425,1266289.52375,279.7,2.26
340,2612480.93,1266613.74,279.69,3.99
341,2612458.3526415094,1266623.7507547168,279.68,4.11
342,2612774.5461764704,1266349.5402941175,279.68,4.65
343,2612899.787142857,1266211.6871428571,279.68,3.34
344,2613019.0984210526,1266187.0878947368,279.66,2.46
345,2612379.3341666665,1266383.5341666667,279.64,2.76
346,2612833.23,1266333.93,279.64,2.93
347,2612231.73,1266726.43,279.63,5.32
348,2612581.1213043476,1266142.43,279.63,2.71
349,2612389.263333333,1266376.13,279.62,2.19
350,2612983.73,1266270.18,279.62,2.99
351,2612852.76125,1266072.71125,279.6,2.26
352,2612878.4175,1266100.5282142856,279.6,4.22
353,2613158.3966666665,1266783.9925,279.59,2.76
354,2612990.092318841,1266201.8647826086,279.58,4.69
355,2612863.73,1266194.98,279.55,3.57
356,2612979.33,1266211.3966666665,279.55,2.19
357,2612388.3966666665,1266379.305,279.54,3.39
358,2612685.8770588236,1266566.2045098038,279.53,4.03
359,2612774.320909091,1266494.786060606,279.53,4.58
360,2612547.9633333334,1266740.7633333332,279.52,2.19
361,2612925.2845454547,1266336.5209090908,279.51,4.18
362,2612825.6894594594,1266299.7678378378,279.5,3.43
363,2612882.1823809524,1266100.9776190475,279.49,2.59
364,2612888.6675,1266044.9716666667,279.49,2.76
365,2613054.6510526314,1266881.0089473682,279.49,2.46
366,2612832.5829411764,1266330.5770588235,279.48,2.33
367,2612982.6146153845,1266274.3146153844,279.48,2.03
368,2612839.2091666665,1266084.9508333332,279.47,2.76
369,2612431.355,1266337.2216666667,279.43,1.95
370,2612350.0566666666,1266658.51,279.42,4.89
371,2612376.0002702703,1266370.0786486487,279.42,3.43
372,2613016.6845454546,1266296.248181818,279.41,2.65
373,2612415.78,1266323.18,279.37,2.52
374,2612732.690526316,1266319.0878947368,279.37,3.48
375,2612928.9345454546,1266284.3618181818,279.37,2.65
376,2613238.921666667,1266796.93,279.37,4.37
377,2612143.73,1266542.6691304347,279.34,2.71
378,2613334.7644827585,1266203.8437931035,279.55,3.04
379,2612137.83,1266542.1966666665,279.33,3.09
380,2612802.648918919,1266255.7948648648,279.33,3.43
381,2612996.5829411764,1266289.6652941175,279.33,2.33
382,2612525.952222222,1266372.5807936508,279.31,4.48
383,2612910.6865217392,1266319.538695652,279.31,2.71
384,2612565.4633333334,1266526.3966666665,279.3,3.09
385,2613287.2036842103,1266790.877368421,279.29,2.46
386,2612742.118888889,1266114.1244444444,279.28,2.39
387,2613398.23,1266281.3274358974,279.28,3.52
388,2612855.849047619,1266060.1204761905,279.27,3.66
389,2612594.333448276,1266664.102413793,279.26,3.04
390,2612943.8371428573,1266105.9657142856,279.26,2.11
391,2613271.44875,1266774.805,279.26,2.26
392,2612448.1585714286,1266262.572857143,279.25,2.11
393,2612284.841111111,1266423.68,279.24,2.39
394,2612459.0254545454,1266250.1345454545,279.24,2.65
395,2612661.472424242,1266354.323939394,279.24,3.24
396,2612773.716842105,1266122.1010526316,279.24,3.48
397,2612909.23,1266325.582173913,279.24,2.71
398,2613217.110952381,1266826.43,279.24,2.59
399,2612221.640714286,1266623.162142857,279.23,2.99
400,2612386.705,1266519.505,279.23,2.52
401,2612563.6925,1266553.1424999998,279.23,3.57
402,2612389.5966666667,1266369.6744444445,279.22,3.78
403,2612735.0481818183,1266285.248181818,279.22,5.61
404,2612180.653076923,1266574.1223076922,279.21,2.03
405,2612203.901875,1266672.633125,279.21,3.19
406,2612575.4597297297,1266671.3354054054,279.21,3.43
407,2612673.32375,1266105.1175,279.21,2.26
408,2612365.660232558,1266675.1160465116,279.18,3.7
409,2612692.242820513,1266111.8274358974,279.17,3.52
410,2613162.859032258,1266796.0429032256,279.17,3.14
411,2612163.73,1266565.1633333333,279.16,3.09
412,2612776.105,1266118.18,279.16,2.26
413,2613280.6434615385,1266777.5165384614,279.16,4.07
414,2612882.8089473685,1266063.8510526316,279.15,2.46
415,2612836.991904762,1266330.4776190475,279.14,2.59
416,2612916.8133333335,1266121.2633333332,279.14,2.39
417,2612151.73,1266558.1204761905,279.13,2.59
418,2612180.48,1266582.43,279.13,2.39
419,2612673.32375,1266464.02375,279.13,2.26
420,2612997.73,1266273.68,279.13,2.26
421,2612667.1146153845,1266346.5453846154,279.12,2.03
422,2612493.6381632653,1266608.287142857,279.09,3.95
423,2612645.716842105,1266323.9563157894,279.09,3.48
424,2612567.98,1266223.68,279.08,2.39
425,2612546.624230769,1266775.5646153844,279.05,4.07
426,2612734.012608696,1266428.43,279.05,2.71
427,2613059.849047619,1266271.6561904761,279.05,3.66
428,2612540.6711764704,1266745.7682352941,279.04,3.29
429,2612815.519473684,1266235.6405263157,279.04,2.46
430,2612875.48,1266102.73,279.04,2.52
431,2613091.889090909,1266217.6572727272,279.04,2.65
432,2612909.5633333335,1266029.78,279.03,3.09
433,2612689.1247368422,1266550.9036842105,279.02,2.46
434,2612771.0966666667,1266758.9633333334,279.02,2.19
435,2613224.819285714,1266822.2335714286,279.02,2.99
436,2612564.8830612246,1266748.1646938776,279.01,3.95
437,2613128.524117647,1266882.4888235293,278.99,2.33
438,2612601.82375,1266351.1175,278.98,2.26
439,2612283.2425,1266428.5925,278.96,3.57
440,2613081.8878947366,1266246.9387719298,279.14,4.26
441,2613342.23,1266198.23,278.95,2.19
442,2612233.499230769,1266549.006923077,278.94,2.03
443,2613004.3966666665,1266296.8823809524,278.94,2.59
444,2612414.6906741573,1266423.3401123595,278.93,5.32
445,2613009.19875,1266283.305,278.93,3.19
446,2612553.01,1266361.0433333332,278.92,4.89
447,2612768.7463934426,1266228.774262295,278.92,4.41
448,2612940.144893617,1266302.8023404256,278.92,3.87
449,2612199.757777778,1266671.9577777777,278.91,2.39
450,2612500.524117647,1266110.4888235293,278.91,2.33
451,2612622.826153846,1266289.6223076922,278.91,2.88
452,2612837.112352941,1266334.4888235293,278.9,2.33
453,2612349.9558064514,1266532.5106451612,278.89,3.14
454,2612848.0457894737,1266265.772105263,278.89,2.46
455,2613078.207272727,1266270.9603030302,278.89,4.58
456,2612785.8615789474,1266261.324736842,278.88,2.46
457,2612922.7855555555,1266119.68,278.88,2.39
458,2613244.7478571427,1266795.8407142856,278.88,2.99
459,2612534.7398039214,1266359.2339215686,278.87,4.03
460,2612673.0514285713,1266090.6085714286,278.87,2.11
461,2613233.457272727,1266863.0209090908,278.86,3.74
462,2612716.9978571427,1266307.7425,278.85,4.22
463,2612744.0633333335,1266415.4577777777,278.85,3.39
464,2612936.610952381,1266324.6442857143,278.85,2.59
465,2612462.2082608696,1266051.234347826,278.83,2.71
466,2613220.3728571427,1266913.3942857143,278.83,2.11
467,2612559.753809524,1266224.3347619048,278.82,2.59
468,2612685.4695833335,1266555.9925,278.82,3.91
469,2613061.505,1266875.255,278.82,2.52
470,2613225.5966666667,1266880.8966666665,278.82,2.19
471,2612149.944285714,1266553.322857143,278.81,2.11
472,2612305.1332258065,1266579.5751612904,278.81,3.14
473,2612390.5403448273,1266525.5162068964,278.81,3.04
474,2612518.98,1266481.43,278.8,2.26
475,2612564.502727273,1266676.1572727272,278.8,2.65
476,2612568.794516129,1266678.7041935483,278.8,3.14
477,2613234.5376923075,1266920.5838461537,278.8,2.88
478,2612357.65,1266655.39,278.79,2.82
479,2612382.242195122,1266506.5031707317,278.79,3.61
480,2612575.48,1266240.68,278.79,1.95
481,2612367.9942857143,1266496.7942857142,278.77,4.72
482,2612851.423548387,1266120.1558064516,278.77,3.14
483,2612460.133846154,1266804.9107692307,278.76,4.98
484,2612574.005,1266245.605,278.76,2.52
485,2612733.23,1266433.3585714286,278.76,2.11
486,2612697.442121212,1266387.8693939394,278.75,3.24
487,2612867.1170967743,1266166.8009677418,278.75,3.14
488,2612567.605,1266657.224642857,278.74,4.22
489,2612721.7981818183,1266550.9148484848,278.74,4.58
490,2612247.623939394,1266563.7178787878,278.73,3.24
491,2612287.999230769,1266457.1223076922,278.72,2.03
492,2612407.5721052634,1266939.5089473682,278.72,2.46
493,2612735.6858823528,1266325.885882353,278.72,3.29
494,2613202.053076923,1266787.1684615384,278.72,4.55
495,2612725.951153846,1266430.2088461537,278.71,4.07
496,2612529.3604347827,1266742.6691304347,278.7,2.71
497,2612560.6141463416,1266227.5885365852,278.7,5.11
498,2612916.634761905,1266083.5490476189,278.7,2.59
499,2612201.28,1266676.905,278.68,2.52
500,2612920.9010526314,1266556.43,278.68,3.48
501,2612547.5829411764,1266191.2829411763,278.67,2.33
502,2612781.4966666666,1266550.3633333333,278.65,2.19
503,2612510.6754545453,1266371.9572727273,278.64,4.18
504,2612770.8095454546,1266502.1345454545,278.63,3.74
505,2613257.665483871,1266855.4703225805,278.63,4.44
506,2612759.512608696,1266214.850289855,278.62,4.69
507,2612888.4260784313,1266807.5182352941,278.61,4.03
508,2612842.5871428573,1266217.18,278.6,2.11
509,2612427.4223076925,1266416.6607692307,278.59,2.03
510,2612655.8615789474,1266055.0089473682,278.59,2.46
511,2612794.9415384615,1266272.462051282,278.59,4.98
512,2612596.8966666665,1266149.68,278.58,2.76
513,2613049.5871428573,1266239.9657142856,278.58,2.11
514,2613067.3728571427,1266256.68,278.58,2.11
515,2613120.3807936506,1266820.414126984,278.58,4.48
516,2613217.4358823528,1266888.5623529411,278.58,3.29
517,2613242.610952381,1266813.2157142856,278.58,2.59
518,2612933.936896552,1266325.0334482759,278.57,3.04
519,2612988.1133333333,1266623.1133333333,278.57,3.09
520,2612623.83,1266495.71,278.56,2.82
521,2612728.4231818183,1266274.498181818,278.56,3.74
522,2612937.8436363637,1266307.0436363635,278.56,2.65
523,2613212.200588235,1266721.8123529411,278.56,2.33
524,2612454.9827472526,1266614.3585714286,278.55,5.38
525,2612753.826153846,1266513.853076923,278.55,5.75
526,2612339.4211764704,1266515.93,278.54,3.29
527,2612918.9899999998,1266120.3099999998,278.54,2.82
528,2612571.5425,1266240.58625,278.53,2.26
529,2612370.3770588236,1266394.885882353,278.52,3.29
530,2613069.163333333,1266261.1633333333,278.52,2.19
531,2612567.64,1266809.16,278.51,3.99
532,2612649.588024691,1266406.5225925925,278.51,5.08
533,2612698.4415384615,1266246.6223076922,278.5,2.88
534,2612847.205,1266320.0174999998,278.5,3.57
535,2613204.5317241377,1266853.0162068964,278.5,4.3
536,2612736.966842105,1266617.272105263,278.49,2.46
537,2612776.7036842103,1266399.1405263157,278.49,2.46
538,2612898.362352941,1266250.8711764705,278.48,3.29
539,2612682.7754545454,1266362.2178787878,278.47,3.24
540,2612845.8878947366,1266099.9563157894,278.47,2.46
541,2613116.196666667,1266896.63,278.47,2.19
542,2613125.112352941,1266735.7020588235,278.47,4.65
543,2613410.519473684,1266288.6142105262,278.47,2.46
544,2612413.23,1266938.8744444444,278.46,2.39
545,2613229.8371428573,1266829.8585714286,278.46,2.11
546,2612423.9085714286,1266416.6085714286,278.45,2.11
547,2613196.1624324326,1266825.7610810811,278.45,4.85
548,2613196.519473684,1266831.3510526316,278.45,2.46
549,2612666.0395238097,1266588.2395238094,278.44,2.59
550,2612291.48,1266454.18,278.41,2.11
551,2612495.7447058824,1266454.5476470587,278.4,3.29
552,2612579.6845454546,1266250.8027272727,278.4,4.18
553,2612637.2146153846,1266502.2915384616,278.38,4.55
554,2612523.5995652173,1266472.7560869565,278.37,2.71
555,2612832.880943396,1266283.8450943395,278.37,4.11
556,2612293.0376923075,1266422.2376923077,278.36,2.03
557,2612722.263333333,1266319.7966666666,278.36,2.19
558,2612839.3728571427,1266063.18,278.36,2.11
559,2612681.806923077,1266329.0838461537,278.35,2.03
560,2612802.332040816,1266390.1646938776,278.35,3.95
561,2612725.3245945945,1266608.3556756757,278.34,4.85
562,2612601.13,1266294.855,278.33,2.52
563,2612106.841111111,1266547.18,278.32,2.39
564,2612485.207272727,1266519.0663636364,278.32,2.65
565,2612495.580877193,1266504.631754386,278.32,4.26
566,2612529.3679310344,1266738.3610344827,278.32,3.04
567,2612546.1378947366,1266351.5484210525,278.32,3.48
568,2612584.8633333333,1266627.98,278.32,3.09
569,2612754.9142105263,1266344.324736842,278.32,2.46
570,2612916.311081081,1266026.402972973,278.32,3.43
571,2612573.507777778,1266747.3466666667,278.31,2.39
572,2612614.5966666667,1266593.8633333333,278.31,2.19
573,2612641.48,1266326.68,278.31,3.91
574,2612730.5871428573,1266269.822857143,278.31,2.11
575,2612156.3352631577,1266975.772105263,278.3,2.46
576,2612406.48,1266934.43,278.3,2.52
577,2612593.296666667,1266145.1966666665,278.3,2.19
578,2612894.460769231,1266701.6223076922,278.3,2.03
579,2612481.93,1266518.3585714286,278.29,3.34
580,2612716.444285714,1266590.43,278.29,2.99
581,2613061.591111111,1266234.818888889,278.29,2.39
582,2612230.7191304346,1266580.8104347826,278.28,3.83
583,2612541.664782609,1266348.0169565217,278.27,2.71
584,2613164.383846154,1266801.8915384614,278.27,2.03
585,2613096.747241379,1266266.0851724136,278.26,3.04
586,2612464.6871428574,1266611.4442857143,278.25,3.34
587,2612567.48,1266838.537142857,278.25,2.11
588,2612624.007777778,1266616.2355555554,278.25,3.39
589,2612122.847647059,1266535.0770588235,278.24,2.33
590,2612243.1883333335,1266679.6204761905,278.24,5.17
591,2612564.1711764704,1266654.43,278.24,2.33
592,2612550.325238095,1266218.168095238,278.23,2.59
593,2612901.765714286,1266034.537142857,278.23,2.11
594,2612723.11,1266525.88,278.22,3.99
595,2613039.2082608696,1266940.8647826086,278.22,2.71
596,2612179.112352941,1266991.0035294117,278.21,3.29
597,2612532.5008333335,1266841.8883333332,278.21,2.76
598,2613158.386862745,1266718.4888235293,278.21,4.03
599,2613371.5457894737,1266179.7984210525,278.21,2.46
600,2612718.8878947366,1266418.4914035087,278.2,4.26
601,2612425.63625,1266349.18,278.19,2.26
602,2612488.19,1266277.15,278.18,2.82
603,2612921.265714286,1266029.5014285713,278.18,2.11
604,2612594.48,1266833.43,278.17,2.39
605,2612662.43,1266482.73,278.17,2.19
606,2612739.73,1266421.4925,278.17,2.26
607,2612925.41,1266045.15,278.17,2.82
608,2612488.48,1266433.21125,278.16,3.19
609,2612664.3966666665,1266249.7966666666,278.16,2.19
610,2612705.82,1266546.8399999999,278.16,3.99
611,2612725.133846154,1266548.68,278.16,2.88
612,2612919.601794872,1266032.3787179487,278.16,3.52
613,2613248.3089473685,1266687.5089473682,278.16,2.46
614,2612545.4719354836,1266780.7041935483,278.15,3.14
615,2612659.07375,1266480.46125,278.15,2.26
616,2612675.1247368422,1266338.6010526316,278.15,3.48
617,2612546.383846154,1266397.93,278.14,2.03
618,2612805.991904762,1266377.6561904761,278.14,3.66
619,2612821.47,1266284.29,278.14,2.82
620,2612922.098686869,1266039.743131313,278.16,5.61
621,2613120.0633333335,1266792.0476470587,278.14,4.03
622,2612547.8218367347,1266770.848367347,278.13,3.95
623,2612701.005,1266389.8175,278.13,3.57
624,2613294.93,1266797.73,278.13,2.19
625,2612582.8221052634,1266652.127368421,278.12,3.48
626,2612212.055,1266960.305,278.11,2.52
627,2612437.512608696,1266432.2560869565,278.11,2.71
628,2612441.8453846155,1266470.1223076922,278.11,4.07
629,2612609.641764706,1266479.4594117648,278.11,2.33
630,2612709.83,1266566.341111111,278.11,3.78
631,2613035.194285714,1266948.1085714286,278.11,2.11
632,2612618.105,1266287.5966666667,278.1,1.95
633,2612716.48,1266519.18,278.1,2.11
634,2612830.9064705884,1266257.635882353,278.1,2.33
635,2613100.0984210526,1266266.0089473682,278.1,2.46
636,2613269.995151515,1266796.9375757575,278.1,4.58
637,2612565.264090909,1266671.5322727272,278.09,3.74
638,2612602.112352941,1266299.2535294117,278.09,2.33
639,2613136.0425,1266783.055,278.09,2.26
640,2612580.87,1266625.13,278.08,2.82
641,2612659.3815151514,1266105.642121212,278.08,3.24
642,2612662.296666667,1266107.13,278.08,2.19
643,2613027.4978571427,1266778.8585714286,278.08,2.99
644,2613180.387142857,1266803.244285714,278.08,3.34
645,2612328.6483673467,1266482.317755102,278.06,3.95
646,2612857.591111111,1266209.041111111,278.06,2.39
647,2613152.4175,1266946.02375,278.06,2.26
648,2612925.5633333335,1266092.3633333333,278.05,2.19
649,2613199.8786486485,1266780.565135135,278.05,3.43
650,2613251.072857143,1266736.98,278.05,4.72
651,2612485.6883333335,1266523.7425,278.04,2.76
652,2612564.993157895,1266333.0878947368,278.04,2.46
653,2612681.944285714,1266325.3823809524,278.04,2.59
654,2613116.263333333,1266793.7633333332,278.04,2.19
655,2612548.1823809524,1266804.168095238,278.03,2.59
656,2612722.09,1266418.49,278.03,3.99
657,2612441.452222222,1266435.3374074074,278.02,2.93
658,2613169.415714286,1266800.6157142858,278.02,3.34
659,2612573.4495121953,1266548.405609756,278.01,3.61
660,2612686.3966666665,1266372.5133333332,278.01,2.39
661,2612739.2684615385,1266331.9684615384,278.01,2.03
662,2613118.0002702703,1266814.7543243242,278.01,3.43
663,2613135.382777778,1266981.4369444444,278.01,4.79
664,2613402.139090909,1266295.18,278.01,2.65
665,2612727.35,1266528.05,277.99,2.82
666,2613239.5859322036,1266758.2435593219,277.99,4.33
667,2612199.294102564,1266705.4556410257,277.98,3.52
668,2612437.7855555555,1266975.1522222222,277.98,3.39
669,2612533.370625,1266510.101875,277.98,3.19
670,2612325.2888235296,1266501.724117647,277.97,2.33
671,2612471.634761905,1266620.5490476189,277.97,2.59
672,2612572.557586207,1266807.5679310344,277.97,3.04
673,2612754.7652112674,1266139.2328169013,277.97,4.75
674,2613316.88,1266750.0799999998,277.97,2.52
675,2612253.141764706,1266500.4888235293,277.96,2.33
676,2612719.6816129033,1266590.0267741934,277.96,3.14
677,2613122.5871428573,1266815.18,277.96,2.11
678,2612412.847647059,1266934.0476470587,277.95,3.29
679,2612550.32375,1266351.27375,277.95,2.26
680,2612451.7580898874,1266480.4468539325,277.94,5.32
681,2612797.868297872,1266571.4938297872,277.94,3.87
682,2612818.8604347827,1266383.473478261,277.94,2.71
683,2613156.808125,1266951.726875,277.94,3.19
684,2612933.13625,1266320.18,277.92,2.26
685,2613492.7036842103,1266494.7194736842,277.92,3.48
686,2613266.3966666665,1266753.6337037035,277.9,2.93
687,2612683.3878947366,1266550.5089473682,277.89,2.46
688,2612775.0470731705,1266757.0641463413,277.89,3.61
689,2612797.8429032257,1266584.3493548387,277.89,3.14
690,2612801.6437931033,1266307.5851724136,277.89,3.04
691,2612117.707272727,1266711.6913636364,277.88,3.74
692,2612478.591111111,1266928.43,277.88,2.39
693,2612688.7556410255,1266172.9812820512,277.88,3.52
694,2612979.38,1266851.1254545455,277.88,5.92
695,2613192.968095238,1266710.4776190475,277.88,2.59
696,2612888.0514285713,1266089.8942857143,277.87,2.11
697,2613131.19875,1266784.43,277.87,3.19
698,2613069.368888889,1266890.4577777777,277.86,2.39
699,2612554.0633333335,1266217.1133333333,277.85,3.09
700,2613022.2014285713,1266291.43,277.85,3.34
701,2613220.194285714,1266710.025238095,277.85,3.66
702,2612481.355,1266524.43,277.84,2.26
703,2613238.7981818183,1266784.18,277.84,3.74
704,2612535.4223076925,1266505.1992307692,277.83,2.03
705,2612952.0361224487,1266794.2157142856,277.83,3.95
706,2612124.26125,1266588.58625,277.82,2.26
707,2612560.9204761903,1266210.1919047618,277.82,2.59
708,2613091.2925,1266877.8675,277.82,3.19
709,2613229.068983051,1266864.1079661017,277.82,4.33
710,2612823.0958536584,1266659.4665853658,277.81,3.61
711,2613303.23,1266771.055,277.81,1.95
712,2612555.847647059,1266508.4888235293,277.8,2.33
713,2612561.33,1266730.7633333332,277.8,2.19
714,2612672.4064705884,1266697.6652941175,277.8,2.33
715,2613266.6585714286,1266685.572857143,277.8,3.34
716,2612814.73,1266631.55,277.79,2.82
717,2613152.6711764704,1266951.5770588235,277.79,2.33
718,2612198.944285714,1266709.5218367346,277.78,3.95
719,2612564.466111111,1266424.818888889,277.78,3.39
720,2612561.589375,1266214.289375,277.77,3.19
721,2612867.3371428573,1266050.68,277.77,2.11
722,2613199.48,1266938.7709090908,277.77,2.65
723,2613116.318235294,1266745.7829411763,277.76,2.33
724,2613203.457272727,1266780.8845454545,277.76,2.65
725,2613416.53,1266303.63,277.76,2.19
726,2612707.38,1266550.6966666665,277.75,3.09
727,2612232.655,1266967.48,277.74,2.52
728,2612540.3878947366,1266750.2984210525,277.74,2.46
729,2612665.753809524,1266759.1442857143,277.74,2.59
730,2612746.4947058824,1266512.6064705881,277.74,2.33
731,2613192.0829411764,1266938.1652941175,277.74,2.33
732,2612626.0368181816,1266610.68,277.72,3.74
733,2613113.015714286,1266259.7395238094,277.72,2.59
734,2613041.0774576273,1266186.2944067796,277.71,4.33
735,2612465.73,1266497.8675,277.7,2.26
736,2612804.5633333335,1266106.68,277.69,1.95
737,2612393.2447058824,1266928.2829411763,277.68,3.29
738,2612567.9966666666,1266141.3633333333,277.68,2.19
739,2612569.491904762,1266813.5490476189,277.75,2.59
740,2612665.48,1266762.6175,277.68,2.76
741,2612169.3728571427,1266613.2633333332,277.67,2.59
742,2612548.055,1266807.78,277.67,2.52
743,2612856.505862069,1266120.6196551723,277.67,3.04
744,2613115.9223076925,1266790.6607692307,277.67,2.03
745,2613202.03,1266897.23,277.67,2.19
746,2612483.055,1266270.13,277.66,2.52
747,2613459.983164557,1266422.5502531645,277.66,5.01
748,2612279.4175,1266650.33625,277.65,2.26
749,2612364.1228571427,1266493.9835714286,277.65,2.99
750,2612577.0481818183,1266528.8618181818,277.64,2.65
751,2612600.663333333,1266445.1633333333,277.63,2.19
752,2613153.4978571427,1266843.18,277.63,2.99
753,2613175.024117647,1266981.43,277.63,2.33
754,2613216.0320833335,1266864.8466666667,277.63,3.91
755,2613393.200588235,1266273.724117647,277.63,2.33
756,2612469.4652941176,1266976.498627451,277.62,4.03
757,2612651.507777778,1266701.2633333332,277.62,3.78
758,2613038.4223076925,1266184.006923077,277.62,2.03
759,2613128.8912903224,1266265.123548387,277.62,3.14
760,2613152.648604651,1266726.406744186,277.62,3.7
761,2613225.804468085,1266807.1959574467,277.61,3.87
762,2612467.3371428573,1266411.7514285713,277.6,2.99
763,2612556.76125,1266856.58625,277.6,2.26
764,2612569.151875,1266419.851875,277.6,3.19
765,2612745.457272727,1266135.5057575756,277.6,3.24
766,2612532.3014285713,1266500.3585714286,277.59,2.59
767,2612544.7746428573,1266761.287142857,277.59,4.22
768,2612662.07375,1266758.21125,277.59,2.26
769,2612971.634761905,1266951.2395238094,277.59,2.59
770,2613414.3014285713,1266160.2157142856,277.59,3.34
771,2612137.1711764704,1266988.2682352941,277.58,3.29
772,2613249.73,1266859.18,277.58,2.11
773,2612229.82375,1266689.055,277.57,3.19
774,2612868.5413207547,1266111.5243396226,277.57,4.11
775,2612610.98,1266611.0133333332,277.56,2.76
776,2612695.33,1266650.305,277.56,2.52
777,2613237.59,1266829.99,277.56,2.82
778,2613014.0337974685,1266878.4932911391,277.55,5.01
779,2613078.1542424243,1266981.3845454545,277.55,3.24
780,2612955.9345454546,1266788.998181818,277.54,2.65
781,2613178.5355555555,1266800.18,277.54,2.39
782,2612442.87,1266609.01,277.53,3.99
783,2612572.019473684,1266472.4826315788,277.53,2.46
784,2612659.6823809524,1266702.2633333332,277.53,2.59
785,2612698.98,1266646.18,277.53,2.11
786,2612993.0633333335,1266926.025238095,277.53,2.59
787,2613058.415714286,1266975.0014285713,277.53,3.34
788,2613418.6425,1266310.28,277.53,3.57
789,2612204.8851724137,1266639.878275862,277.52,3.04
790,2613224.1466666665,1266817.5758333332,277.52,2.76
791,2613246.6744444445,1266821.4485185184,277.52,2.93
792,2612775.382173913,1266761.6256521738,277.51,2.71
793,2612815.502727273,1266377.839090909,277.51,3.24
794,2612706.999230769,1266535.1223076922,277.5,2.03
795,2612831.749230769,1266602.8146153844,277.5,2.88
796,2613122.4880645163,1266808.8009677418,277.5,3.14
797,2613271.9892592593,1266677.004074074,277.5,2.93
798,2612692.48,1266123.93,277.49,2.39
799,2613440.0535294116,1266560.9888235293,277.49,2.33
800,2612603.007777778,1266448.8744444444,277.48,2.39
801,2612713.883846154,1266557.6265811964,277.48,6.1
802,2613199.55,1266784.8099999998,277.48,2.82
803,2612489.349047619,1266964.787142857,277.47,2.59
804,2612604.07375,1266157.02375,277.47,2.26
805,2612663.73,1266702.5878947368,277.47,2.46
806,2612749.9085714286,1266314.43,277.47,2.11
807,2612477.8371428573,1266461.9835714286,277.46,2.99
808,2612547.6823809524,1266538.7633333332,277.46,3.66
809,2612827.98,1266605.0480555554,277.46,4.79
810,2612422.4044186044,1266922.3369767442,277.45,3.7
811,2612590.73,1266831.18,277.45,2.52
812,2612864.85,1266524.69,277.45,2.82
813,2612867.81,1266523.65,277.45,2.82
814,2613162.4223076925,1266925.6992307692,277.45,2.03
815,2612493.696666667,1266283.5633333332,277.44,3.78
816,2612721.3089473685,1266295.6931578948,277.44,2.46
817,2612806.68,1266373.2049999998,277.43,3.57
818,2613161.605,1266764.0966666667,277.43,2.76
819,2612527.155,1266513.5799999998,277.42,2.52
820,2612552.205,1266808.0799999998,277.42,2.52
821,2612561.405,1266426.505,277.42,2.52
822,2612790.8728571427,1266477.18,277.42,2.11
823,2613116.4358823528,1266741.9594117648,277.42,2.33
824,2613198.274117647,1266773.1947058823,277.42,3.29
825,2612241.0011864407,1266705.3113559322,277.41,4.33
826,2612405.07375,1266368.96125,277.41,2.26
827,2612532.0376923075,1266505.1992307692,277.41,2.03
828,2612589.866363636,1266664.6004545453,277.41,3.74
829,2612739.5355555555,1266489.1522222222,277.41,3.39
830,2612616.942765957,1266638.3661702126,277.4,3.87
831,2612686.5376923075,1266248.6992307692,277.39,2.03
832,2612534.6228571427,1266699.037142857,277.38,2.11
833,2612115.341111111,1266707.2355555554,277.37,2.39
834,2612355.08483871,1266521.8977419354,277.37,3.14
835,2613080.13625,1266870.08625,277.37,2.26
836,2612479.6247368422,1266466.4563157894,277.36,2.46
837,2612716.009411765,1266217.8270588235,277.36,3.29
838,2613124.6213043476,1266826.234347826,277.36,2.71
839,2612607.618888889,1266659.3559259258,277.35,2.93
840,2612450.23,1266362.43,277.34,2.19
841,2613202.433703704,1266848.4485185184,277.34,2.93
842,2613224.9633333334,1266704.9466666665,277.34,3.09
843,2613307.23,1266709.93,277.34,2.46
844,2613397.73,1266285.7254545453,277.34,2.65
845,2612843.73,1266756.3723076922,277.33,2.88
846,2612492.915185185,1266325.2262962963,277.32,2.93
847,2613238.5216666665,1266714.305,277.32,1.95
848,2612475.73,1266505.582173913,277.31,2.71
849,2612630.0748275863,1266484.8437931035,277.3,3.04
850,2612721.002727273,1266522.748181818,277.3,1.87
851,2612803.983012048,1266138.8095180723,277.3,5.14
852,2612720.153076923,1266292.93,277.29,2.03
853,2612527.44875,1266703.33625,277.28,3.19
854,2613020.9908695654,1266930.973478261,277.28,2.71
855,2612453.755,1266805.23,277.27,2.52
856,2612651.0871428573,1266343.3942857143,277.27,2.11
857,2612676.9175,1266374.52375,277.26,2.26
858,2612719.44875,1266610.89875,277.26,2.26
859,2613029.3615789474,1266900.002368421,277.26,4.92
860,2612779.18,1266246.905,277.25,2.52
861,2612652.2888235296,1266070.43,277.24,2.33
862,2613238.0216666665,1266833.93,277.24,2.76
863,2612888.999230769,1266692.1223076922,277.23,2.03
864,2613063.091111111,1266861.291111111,277.23,2.39
865,2613354.53,1266572.23,277.23,2.19
866,2612792.83,1266117.17,277.22,2.82
867,2612431.8966666665,1266560.2966666666,277.21,2.19
868,2612549.263333333,1266759.0633333332,277.21,2.19
869,2612637.999230769,1266655.1223076922,277.21,2.03
870,2612795.347647059,1266122.4888235293,277.21,2.33
871,2613268.32375,1266864.02375,277.21,2.26
872,2613093.5829411764,1266875.224117647,277.2,2.33
873,2613124.73,1266789.1345454545,277.2,2.65
874,2612476.7981818183,1266427.9754545453,277.19,2.65
875,2613016.6585714286,1266931.287142857,277.19,2.59
876,2612755.955490196,1266705.4201960783,277.17,4.03
877,2613064.5425,1266903.3466666667,277.17,2.76
878,2612160.3162068967,1266664.6886206896,277.16,3.04
879,2612601.5984210526,1266384.0878947368,277.16,2.46
880,2612691.53,1266240.63,277.16,2.19
881,2612860.6977419355,1266970.5429032256,277.16,3.14
882,2612868.8371428573,1266101.18,277.16,2.11
883,2612584.105,1266361.6591666667,277.15,2.76
884,2613138.13625,1266777.1175,277.15,2.26
885,2613337.294516129,1266697.5106451612,277.15,4.44
886,2612558.5861643837,1266792.7998630137,277.14,4.82
887,2612664.9908695654,1266606.1039130434,277.14,4.69
888,2612757.200588235,1266511.135882353,277.14,2.33
889,2613150.866363636,1266763.93,277.14,2.65
890,2613163.1845454546,1266920.4754545453,277.13,1.87
891,2612639.534347826,1266505.1039130434,277.12,2.71
892,2612670.48,1266705.537142857,277.12,2.99
893,2613311.382173913,1266714.582173913,277.12,2.71
894,2612719.140714286,1266607.447857143,277.11,2.99
895,2612843.23,1266113.568888889,277.11,2.39
896,2613094.7175,1266882.0925,277.11,3.57
897,2612722.5829411764,1266297.4888235293,277.1,2.33
898,2613095.7447058824,1266885.7094117648,277.1,3.29
899,2613324.700588235,1266704.3417647057,277.1,2.33
900,2612727.806923077,1266290.8915384614,277.09,2.03
901,2612768.33,1266705.1675,277.09,3.57
902,2612843.3728571427,1266835.3407142856,277.09,4.22
903,2613042.318235294,1266973.0770588235,277.09,2.33
904,2613064.0376923075,1266890.1992307692,277.09,2.03
905,2613145.1275903615,1266842.6589156627,277.09,5.14
906,2612649.3934615385,1266766.1415384614,277.08,4.07
907,2612753.608787879,1266226.9148484848,277.08,3.24
908,2613129.0514285713,1266788.787142857,277.08,2.11
909,2613155.5871428573,1266745.8823809524,277.08,5.17
910,2612568.8966666665,1266729.839090909,277.07,3.24
911,2612583.73,1266782.8744444444,277.07,2.39
912,2612605.7835714286,1266673.3407142856,277.07,2.99
913,2612718.4383333335,1266677.305,277.07,1.95
914,2613066.2127586207,1266754.1713793103,277.07,3.04
915,2612126.700588235,1266597.135882353,277.06,2.33
916,2613147.48,1266526.322857143,277.06,2.11
917,2613198.4713793104,1266997.1886206896,277.06,3.04
918,2612429.6437931033,1266461.0162068964,277.05,3.04
919,2612582.5376923075,1266638.2376923077,277.05,2.03
920,2612695.641764706,1266645.8123529411,277.05,2.33
921,2612332.3089473685,1266503.0089473682,277.04,2.46
922,2612693.73,1266704.3347619048,277.04,2.59
923,2613069.499230769,1266750.5934615384,277.04,4.07
924,2613415.63,1266162.4633333334,277.04,2.19
925,2613473.57375,1266509.46125,277.03,2.26
926,2612355.0172340428,1266507.6321276594,277.02,3.87
927,2612405.259411765,1266543.3417647057,277.02,3.29
928,2612569.73,1266238.4633333334,277.02,2.19
929,2612868.826153846,1266106.18,277.02,2.88
930,2613250.019473684,1266784.9563157894,277.02,2.46
931,2612741.0425,1266617.83625,277.01,2.26
932,2612915.855,1266702.905,277.01,2.52
933,2612165.4108510637,1266960.8555319149,277.0,3.87
934,2612809.63,1266629.51,277.0,2.82
935,2613007.8713043476,1266841.4626086955,277.0,3.83
936,2613212.4358823528,1266561.5770588235,277.0,2.33
937,2612531.7783870967,1266518.4622580644,276.98,3.14
938,2612997.916440678,1266925.404576271,276.98,4.33
939,2612865.8758333335,1266877.8675,276.97,2.76
940,2613068.282238806,1266966.9598507462,276.97,4.62
941,2613245.4947058824,1266783.1064705881,276.97,2.33
942,2613246.94875,1266868.9925,276.97,2.26
943,2612813.98,1266274.305,276.96,3.39
944,2612446.306923077,1266488.1223076922,276.95,2.03
945,2612580.545384615,1266435.0684615383,276.95,4.55
946,2612637.83,1266722.5157142857,276.94,3.34
947,2612742.43,1266629.4966666666,276.94,2.19
948,2613019.455,1266901.4549999998,276.94,2.52
949,2612277.2855555555,1266499.18,276.93,2.39
950,2612283.6711764704,1266730.135882353,276.93,2.33
951,2613155.491904762,1266722.9061904761,276.93,2.59
952,2612556.4358823528,1266287.4005882351,276.92,2.33
953,2612793.055,1266632.48,276.92,2.52
954,2613277.127727273,1266690.089090909,276.92,3.74
955,2613297.714375,1266689.289375,276.92,3.19
956,2612122.694285714,1266940.0192857143,276.91,2.99
957,2613127.6675,1266270.055,276.91,2.26
958,2613149.8966666665,1266783.037142857,276.91,3.66
959,2612480.7888235296,1266336.0182352941,276.9,2.33
960,2613023.58,1266966.63,276.9,2.52
961,2613042.1675,1266284.3675,276.9,2.26
962,2613161.7981818183,1266510.6572727272,276.9,2.65
963,2612374.1247368422,1266480.4563157894,276.89,2.46
964,2612606.753809524,1266668.8585714286,276.89,2.59
965,2612970.5984210526,1266955.916842105,276.89,3.48
966,2613067.435128205,1266900.006923077,276.89,3.52
967,2613149.7201960785,1266814.1260784313,276.89,4.03
968,2612133.009411765,1266759.7976470587,276.88,3.29
969,2612553.61,1266512.49,276.88,2.82
970,2612625.5395238097,1266635.5490476189,276.88,2.59
971,2612631.2855555555,1266500.8744444444,276.88,2.39
972,2613148.4675,1266753.5925,276.88,3.57
973,2613024.6564705884,1266901.635882353,276.87,3.29
974,2612766.4462162163,1266140.7678378378,276.86,3.43
975,2612794.265714286,1266381.8585714286,276.86,2.11
976,2612396.9244444445,1266526.0966666667,276.85,2.39
977,2613215.5721052634,1266789.324736842,276.85,2.46
978,2612132.6675,1266977.9925,276.84,2.76
979,2612432.1510526314,1266452.4826315788,276.84,2.46
980,2612521.618888889,1266719.318888889,276.84,2.93
981,2612643.516764706,1266753.6432352941,276.84,4.65
982,2612531.2508333335,1266587.7841666667,276.83,2.76
983,2613317.9383333335,1266723.1175,276.83,2.76
984,2612554.795217391,1266794.2126086955,276.82,2.71
985,2612615.1023404254,1266801.504468085,276.82,3.87
986,2612796.649117647,1266498.4520588235,276.82,4.65
987,2612426.9142105263,1266932.7457894736,276.81,2.46
988,2612640.6744444445,1266710.568888889,276.81,2.39
989,2612808.6618181816,1266364.0436363635,276.81,2.65
990,2612843.5254545454,1266663.6572727272,276.81,2.65
991,2613252.141764706,1266575.7143137255,276.81,4.03
992,2613294.13625,1266778.055,276.81,2.26
993,2612605.263333333,1266469.7966666666,276.8,2.19
994,2613249.2488679243,1266780.3450943395,276.8,4.11
995,2612121.98,1266752.68,276.79,2.11
996,2612536.6510526314,1266403.7063157894,276.79,3.48
997,2612708.88625,1266682.46125,276.79,2.26
998,2613154.0829411764,1266815.4692156862,276.85,4.03
999,2613289.26125,1266757.4925,276.79,2.26
1000,2612528.640714286,1266527.5639285713,276.78,4.22
1001,2612545.055,1266800.5675,276.78,3.57
1002,2612806.03,1266290.03,276.78,3.09
1003,2612852.7888235296,1266745.7535294117,276.78,2.33
1004,2612467.0425,1266456.33625,276.77,2.26
1005,2612526.8604347827,1266721.038695652,276.77,2.71
1006,2612586.491904762,1266245.3347619048,276.77,2.59
1007,2612698.196666667,1266719.63,276.76,2.19
1008,2612898.9947058824,1266096.9594117648,276.76,2.33
1009,2612923.015714286,1266894.287142857,276.76,2.99
1010,2613163.0481818183,1266521.2254545453,276.76,3.74
1011,2612164.145254237,1266956.2689830507,276.8,4.33
1012,2612443.2754545454,1266977.93,276.75,2.65
1013,2612473.024117647,1266975.3711764705,276.75,2.33
1014,2612565.48,1266327.68,276.75,2.11
1015,2612792.9456862747,1266718.1162745098,276.75,4.03
1016,2612902.8966666665,1266692.7633333332,276.75,1.95
1017,2613270.940526316,1266757.2194736842,276.75,2.46
1018,2612454.112352941,1266817.2094117648,276.74,3.29
1019,2612602.3604347827,1266833.9952173913,276.74,2.71
1020,2612786.126551724,1266623.9127586207,276.74,4.3
1021,2612848.4085714286,1266749.93,276.74,2.11
1022,2613055.3157142857,1266858.572857143,276.74,3.34
1023,2613222.8453846155,1266749.68,276.74,2.88
1024,2613427.4325316455,1266254.7148101265,276.74,5.01
1025,2612562.48,1266789.18,276.73,2.11
1026,2612743.452222222,1266322.2633333332,276.73,2.39
1027,2613060.5675,1266748.8175,276.73,3.57
1028,2613098.13,1266871.2966666666,276.73,2.19
1029,2613281.5966666667,1266733.03,276.73,3.78
1030,2612665.4633333334,1266225.0966666667,276.72,2.19
1031,2612747.574262295,1266500.3234426228,276.72,4.41
1032,2612760.0611688313,1266727.2157142856,276.72,4.95
1033,2612789.993157895,1266628.5615789474,276.72,2.46
1034,2613352.5633333335,1266622.8466666667,276.72,3.39
1035,2612152.0936363637,1266942.18,276.71,2.65
1036,2612500.796666667,1266489.13,276.71,2.19
1037,2612658.355,1266794.8585714286,276.71,2.99
1038,2612722.515714286,1266124.6442857143,276.71,2.99
1039,2613415.325238095,1266287.168095238,276.71,2.59
1040,2612486.999230769,1266331.853076923,276.69,2.03
1041,2612664.4223076925,1266117.1992307692,276.69,2.03
1042,2612842.8371428573,1266667.322857143,276.69,2.11
1043,2613387.9118181816,1266325.8845454545,276.69,1.87
1044,2612219.48,1266973.83625,276.68,2.26
1045,2612680.2754545454,1266719.6118181818,276.68,2.65
1046,2612858.3089473685,1266873.93,276.68,2.46
1047,2613181.5966666667,1266870.8299999998,276.68,2.19
1048,2612513.7716666665,1266702.0133333332,276.67,3.39
1049,2612738.8371428573,1266211.6085714286,276.67,2.11
1050,2612916.2925,1266126.4925,276.67,2.26
1051,2613239.4899999998,1266848.3,276.67,3.99
1052,2612662.4223076925,1266793.8146153844,276.66,2.03
1053,2612931.0355555555,1266516.0272222222,276.66,3.39
1054,2613205.355,1266873.4549999998,276.66,2.52
1055,2612678.155,1266600.905,276.65,2.52
1056,2612768.534347826,1266551.1039130434,276.65,2.71
1057,2613167.1539130434,1266912.5713043478,276.65,3.83
1058,2613422.6711764704,1266215.7535294117,276.65,2.33
1059,2612638.5714634145,1266646.0275609756,276.64,3.61
1060,2612770.83,1266363.67,276.64,2.82
1061,2612948.700588235,1266616.724117647,276.64,2.33
1062,2612996.5902941176,1266956.5476470587,276.64,4.65
1063,2612845.63,1266861.55,276.63,2.82
1064,2613069.077826087,1266970.886521739,276.63,2.71
1065,2613084.433703704,1266972.6892592593,276.63,2.93
1066,2612627.919189189,1266159.6732432432,276.62,3.43
1067,2612793.2585714287,1266578.93,276.62,3.34
1068,2613067.26125,1266987.539375,276.62,3.19
1069,2612932.3966666665,1266958.4925,276.61,2.76
1070,2612140.847647059,1266986.43,276.6,2.33
1071,2612473.9633333334,1266342.8633333333,276.6,2.19
1072,2612493.13625,1266660.58625,276.6,3.19
1073,2612690.2201960785,1266135.0378431373,276.6,4.03
1074,2613034.9223076925,1266828.1223076922,276.6,2.03
1075,2613077.76125,1266906.33625,276.6,2.26
1076,2613289.87516129,1266845.5267741934,276.6,3.14
1077,2612646.48,1266105.072857143,276.59,2.11
1078,2613396.5984210526,1266302.2457894736,276.59,2.46
1079,2613415.3728571427,1266307.9061904761,276.59,2.59
1080,2612140.0376923075,1266793.1223076922,276.58,2.03
1081,2612465.9358823528,1266811.6652941175,276.58,2.33
1082,2612504.255,1266497.98,276.58,2.52
1083,2613080.847647059,1266970.8515686274,276.58,4.03
1084,2613167.6744444445,1266937.791111111,276.58,2.39
1085,2613241.3728571427,1266544.810952381,276.58,2.59
1086,2612443.163333333,1266974.4966666666,276.57,2.19
1087,2612731.63,1266713.105,276.57,2.52
1088,2612681.205,1266181.805,276.56,2.52
1089,2613222.964375,1266762.77375,276.56,3.19
1090,2612106.944285714,1266888.5490476189,276.55,2.59
1091,2613316.73,1266652.18,276.55,2.11
1092,2612331.612352941,1266919.1064705881,276.54,2.33
1093,2612556.3615789474,1266798.272105263,276.54,2.46
1094,2612706.5966666667,1266712.8299999998,276.54,2.19
1095,2612665.109310345,1266338.0679310344,276.53,3.04
1096,2612722.1510526314,1266680.6931578948,276.53,2.46
1097,2612776.091111111,1266243.291111111,276.53,2.39
1098,2612926.6915384615,1266978.5453846154,276.53,2.03
1099,2613030.566956522,1266794.582173913,276.53,3.83
1100,2613284.2684615385,1266827.853076923,276.53,2.03
1101,2613427.88625,1266233.46125,276.53,2.26
1102,2612645.32375,1266680.58625,276.52,2.26
1103,2613000.341111111,1266928.18,276.52,2.39
1104,2613311.507777778,1266758.541111111,276.52,2.39
1105,2612505.73,1266316.068888889,276.51,2.39
1106,2613270.83,1266753.3633333333,276.51,2.19
1107,2613425.3728571427,1266210.4538095237,276.51,2.59
1108,2612666.9244444445,1266335.4022222222,276.5,2.39
1109,2612765.8966666665,1266547.541111111,276.5,2.39
1110,2613254.700588235,1266583.7682352941,276.5,3.29
1111,2612743.23,1266649.6077777778,276.49,3.78
1112,2612861.355,1266877.5758333332,276.49,2.76
1113,2612727.252727273,1266596.4754545453,276.48,2.65
1114,2613032.13,1266778.8966666665,276.48,2.19
1115,2613145.026296296,1266957.1892592593,276.48,2.93
1116,2612566.355,1266466.9549999998,276.47,2.52
1117,2612994.263333333,1266930.4633333334,276.47,3.09
1118,2613027.1510526314,1266994.9563157894,276.47,2.46
1119,2613084.319285714,1266967.7514285713,276.47,2.99
1120,2613144.0871428573,1266748.2276190475,276.46,3.66
1121,2612575.952222222,1266439.1966666665,276.45,3.78
1122,2613051.112352941,1266871.1652941175,276.45,2.33
1123,2613163.0995652173,1266822.9082608696,276.45,2.71
1124,2612141.4223076925,1266990.006923077,276.44,2.03
1125,2612776.43,1266128.855,276.44,2.52
1126,2612807.6258333335,1266136.555,276.44,2.76
1127,2612866.5984210526,1266875.666842105,276.44,2.46
1128,2613188.0395238097,1266761.3585714286,276.44,2.59
1129,2613243.4244444445,1266849.004074074,276.43,4.15
1130,2612547.7776190476,1266542.2157142856,276.42,2.59
1131,2613146.499230769,1266792.6735897434,276.42,3.52
1132,2612438.019473684,1266424.2984210525,276.41,2.46
1133,2613120.2925,1266854.68,276.4,2.26
1134,2612105.118888889,1266575.8744444444,276.39,2.39
1135,2612717.1675,1266712.883125,276.39,3.19
1136,2613117.1073584906,1266857.8828301886,276.39,4.11
1137,2612125.383846154,1266958.1607692307,276.38,3.52
1138,2612425.3133333335,1266442.2008333332,276.38,2.76
1139,2612534.210769231,1266758.8338461537,276.38,2.88
1140,2612840.9558064514,1266600.1558064516,276.38,3.14
1141,2613235.493157895,1266552.5878947368,276.38,2.46
1142,2613308.5633333335,1266731.3966666665,276.38,2.19
1143,2613316.955,1266718.905,276.38,2.52
1144,2612569.05,1266331.0899999999,276.37,2.82
1145,2612574.19875,1266232.3675,276.37,2.26
1146,2612786.48,1266509.68,276.37,2.11
1147,2612922.63,1266903.2633333332,276.37,2.19
1148,2613396.6744444445,1266305.2077777777,276.37,2.39
1149,2613423.0413207547,1266262.4016981132,276.36,4.11
1150,2612246.9358823528,1266555.1652941175,276.35,2.33
1151,2612446.3633333333,1266491.88,276.35,3.09
1152,2612451.48,1266461.3744444444,276.35,2.39
1153,2612603.202222222,1266604.818888889,276.35,2.39
1154,2612699.282631579,1266651.4036842105,276.35,2.46
1155,2612711.4591666665,1266714.9091666667,276.35,2.76
1156,2612925.18,1266907.43,276.35,3.09
1157,2612927.5216666665,1266996.055,276.35,1.95
1158,2613211.81,1266775.77,276.34,2.82
1159,2612650.0470731705,1266799.637317073,276.33,3.61
1160,2613144.643043478,1266960.582173913,276.33,2.71
1161,2613264.32375,1266776.2425,276.33,2.26
1162,2612510.3966666665,1266655.1966666665,276.32,2.19
1163,2612725.98,1266297.43,276.32,2.52
1164,2613083.012608696,1266888.4517391303,276.32,2.71
1165,2613148.206190476,1266797.3585714286,276.32,2.59
1166,2613163.6466666665,1266826.0758333332,276.31,2.76
1167,2613183.73,1266773.810952381,276.31,2.59
1168,2613246.3633333333,1266753.8633333333,276.31,2.19
1169,2612743.9713793104,1266771.6886206896,276.3,3.04
1170,2613171.73,1266937.4855555554,276.3,2.39
1171,2613126.8352631577,1266849.9563157894,276.29,3.48
1172,2613133.2925,1266735.71125,276.29,2.26
1173,2613200.002727273,1266760.3163636364,276.29,2.65
1174,2612859.072592593,1266974.18,276.28,4.15
1175,2612730.855,1266596.4973076922,276.27,4.07
1176,2613122.1858823528,1266766.3417647057,276.27,3.29
1177,2612738.19875,1266216.27375,276.26,2.26
1178,2612788.1744444445,1266141.578148148,276.26,2.93
1179,2612524.7876923075,1266391.2184615384,276.25,2.88
1180,2613396.612352941,1266349.8711764705,276.25,2.33
1181,2612485.23,1266495.93,276.24,2.46
1182,2613099.5216666665,1266882.7633333332,276.22,2.76
1183,2613162.355,1266856.8466666667,276.22,2.76
1184,2613254.882777778,1266779.5966666667,276.21,3.39
1185,2613263.893043478,1266836.0060869565,276.21,3.83
1186,2612202.1883333335,1266956.7216666667,276.2,1.95
1187,2612204.3133333335,1266956.0133333332,276.2,1.38
1188,2613133.3585714283,1266749.1942857143,276.2,4.72
1189,2612194.68,1266959.38,276.19,1.78
1190,2612516.48,1266676.787142857,276.19,2.11
1191,2612562.23,1266817.9127586207,276.19,3.04
1192,2612750.2728571426,1266648.087142857,276.19,3.34
1193,2612807.23,1266787.93,276.19,2.33
1194,2612887.9858139534,1266981.5579069767,276.19,3.7
1195,2612957.98,1266981.18,276.19,2.11
1196,2612855.024871795,1266680.5966666667,276.18,3.52
1197,2612937.1723076925,1266963.8915384614,276.18,2.88
1198,2613023.105,1266771.78,276.18,2.52
1199,2613243.403076923,1266601.7376923077,276.18,2.88
1200,2613295.0514285713,1266820.287142857,276.18,2.11
1201,2613412.0958536584,1266120.7592682927,276.18,3.61
1202,2612740.966842105,1266647.877368421,276.17,2.46
1203,2612807.112352941,1266790.8711764705,276.17,2.33
1204,2612809.93,1266660.49,276.17,2.82
1205,2613139.377727273,1266725.5209090908,276.17,3.74
1206,2613419.8728571427,1266526.822857143,276.17,2.11
1207,2612685.776875,1266741.58625,276.16,3.19
1208,2612718.73,1266887.779514563,276.16,5.73
1209,2613435.605,1266560.855,276.16,2.52
1210,2613199.98,1266764.43,276.14,2.26
1211,2612117.002727273,1266983.748181818,276.13,2.65
1212,2612535.5633333335,1266755.041111111,276.13,2.39
1213,2612658.1510526314,1266494.2984210525,276.13,2.46
1214,2612671.0585714285,1266770.4728571428,276.13,3.34
1215,2612793.263333333,1266759.5490476189,276.13,5.78
1216,2613010.3966666665,1266886.8633333333,276.13,2.19
1217,2613069.0920689655,1266871.5851724136,276.13,3.04
1218,2613215.93,1266844.63,276.13,2.19
1219,2613229.9345454546,1266771.1345454545,276.13,2.65
1220,2613293.19,1266824.8499999999,276.13,2.82
1221,2612655.755,1266700.005,276.12,2.52
1222,2612672.925652174,1266177.4517391303,276.12,2.71
1223,2612950.4959574468,1266578.4619148935,276.12,3.87
1224,2613176.7036842103,1266955.1405263157,276.12,2.46
1225,2613290.8811627906,1266705.2555813952,276.12,3.7
1226,2612631.73,1266788.68,276.11,2.39
1227,2612643.0403448273,1266708.0506896551,276.11,3.04
1228,2613349.609310345,1266588.654137931,276.11,3.04
1229,2612655.3679310344,1266208.878275862,276.1,3.04
1230,2613195.4142105263,1266760.93,276.1,2.46
1231,2613058.306923077,1266863.43,276.09,2.03
1232,2612596.13,1266457.8299999998,276.08,2.19
1233,2612762.48,1266724.93,276.08,2.11
1234,2613147.4204761903,1266744.668095238,276.08,2.59
1235,2613410.45,1266118.65,276.08,2.82
1236,2612924.9244444445,1266888.7355555554,276.07,2.39
1237,2613223.200588235,1266758.135882353,276.07,2.33
1238,2612451.03,1266417.13,276.06,2.19
1239,2612553.9175,1266405.02375,276.06,2.26
1240,2612643.7754545454,1266730.964090909,276.06,3.74
1241,2613215.705,1266819.855,276.06,2.52
1242,2613428.48,1266296.1383333332,276.06,1.95
1243,2612778.827222222,1266743.5966666667,276.05,3.39
1244,2612961.177368421,1266985.3510526316,276.05,2.46
1245,2613023.48,1266776.18,276.05,2.11
1246,2613436.53,1266177.9633333334,276.05,2.19
1247,2613156.2925,1266890.855,276.04,3.57
1248,2613171.5633333335,1266511.168095238,276.04,3.66
1249,2612806.847647059,1266127.3417647057,276.03,2.33
1250,2613081.96,1266785.01,276.03,3.99
1251,2613301.9716666667,1266718.7049999998,276.03,4.37
1252,2613439.0871428573,1266182.2014285713,276.03,3.34
1253,2613157.39,1266981.63,276.01,2.82
1254,2613193.105,1266915.555,276.01,2.26
1255,2613466.249230769,1266544.7665384614,276.01,4.07
1256,2612145.98,1266800.68,276.0,2.39
1257,2612645.35,1266774.21,276.0,2.82
1258,2612783.491363636,1266139.5095454545,276.0,3.74
1259,2613141.507777778,1266721.3466666667,276.0,2.39
1260,2613186.407777778,1266883.841111111,276.0,3.78
1261,2613282.32375,1266749.601875,276.0,3.19
1262,2613225.48,1266771.18,275.99,2.11
1263,2613234.805,1266890.355,275.99,2.52
1264,2612579.841111111,1266828.7633333332,275.97,2.39
1265,2612659.7835714286,1266159.697857143,275.97,2.99
1266,2612697.48,1266666.68,275.97,2.52
1267,2613034.5376923075,1266958.2761538462,275.96,2.03
1268,2612214.0425,1266965.02375,275.95,2.26
1269,2612877.48,1266809.7995652172,275.94,3.83
1270,2612925.493157895,1266741.4826315788,275.94,2.46
1271,2612114.4223076925,1266819.2376923077,275.93,2.03
1272,2612115.76125,1266944.77375,275.93,2.26
1273,2613235.655,1266929.1466666665,275.93,4.37
1274,2612507.0633333335,1266940.305,275.92,2.76
1275,2612853.745151515,1266937.5663636364,275.91,3.24
1276,2613068.4175,1266992.7216666667,275.91,2.76
1277,2613175.0041935486,1266809.7041935483,275.91,3.14
1278,2612533.2036842103,1266384.7194736842,275.9,2.46
1279,2612860.93,1266681.605,275.9,2.52
1280,2613414.7563157897,1266312.166842105,275.9,2.46
1281,2612146.0633333335,1266914.0133333332,275.89,3.39
1282,2612711.97,1266286.53,275.89,2.82
1283,2612807.5633333335,1266659.7633333332,275.89,2.19
1284,2613159.73,1266771.9022222222,275.89,2.39
1285,2613176.6003703703,1266968.3003703703,275.89,2.93
1286,2613422.765714286,1266236.822857143,275.89,2.11
1287,2613425.73,1266567.68,275.89,2.26
1288,2612781.7925,1266740.8675,275.88,3.57
1289,2612177.822592593,1266979.504074074,275.87,2.93
1290,2612561.9039130434,1266821.3647826086,275.87,2.71
1291,2613009.263333333,1266772.1633333333,275.86,2.19
1292,2613425.5855555558,1266320.5744444444,275.86,3.78
1293,2612693.015714286,1266629.810952381,275.85,2.59
1294,2612834.0425,1266135.3883333332,275.85,2.76
1295,2613256.263333333,1266782.4966666666,275.85,2.19
1296,2613279.6744444445,1266681.4577777777,275.85,2.39
1297,2612974.283846154,1266877.0915384614,275.84,4.55
1298,2612978.88625,1266624.820625,275.84,3.19
1299,2613175.23,1266863.3618181818,275.84,2.65
1300,2612205.499230769,1266729.353076923,275.83,2.03
1301,2612969.7925,1266570.2425,275.83,2.76
1302,2613120.48,1266825.3146153844,275.82,2.88
1303,2613173.48,1266777.18,275.82,2.11
1304,2612591.366363636,1266376.248181818,275.81,2.65
1305,2612875.5633333335,1266988.555,275.81,3.39
1306,2613127.3912903224,1266875.252580645,275.81,3.14
1307,2612500.63625,1266292.52375,275.8,2.26
1308,2612568.9966666666,1266735.3633333333,275.8,2.19
1309,2613416.91,1266108.71,275.79,2.82
1310,2612486.3966666665,1266701.8966666665,275.78,2.19
1311,2612853.505,1266825.8299999998,275.78,2.52
1312,2613292.206190476,1266699.025238095,275.78,2.59
1313,2612108.1711764704,1266570.7535294117,275.77,2.33
1314,2612142.89,1266960.99,275.77,2.82
1315,2612431.6585714286,1266429.787142857,275.77,2.11
1316,2612921.88625,1266705.02375,275.77,2.26
1317,2612742.825744681,1266707.7278723405,275.76,3.87
1318,2612855.9085714286,1266677.322857143,275.76,2.11
1319,2613130.58,1266971.2049999998,275.76,2.52
1320,2613230.347647059,1266805.2829411763,275.76,2.33
1321,2613461.605,1266543.2157142856,275.76,2.99
1322,2612553.156829268,1266652.7958536586,275.75,3.61
1323,2612670.8371428573,1266825.8942857143,275.75,2.11
1324,2612864.0633333335,1266540.0633333332,275.75,2.19
1325,2612413.23,1266917.1142105262,275.74,2.46
1326,2613117.53,1266771.8633333333,275.74,2.19
1327,2613075.968095238,1266912.7633333332,275.73,2.59
1328,2613247.26125,1266601.39875,275.73,2.26
1329,2613296.63625,1266699.33625,275.73,2.26
1330,2612646.1823809524,1266788.310952381,275.72,2.59
1331,2613015.577826087,1266868.43,275.72,2.71
1332,2612210.4223076925,1266983.1607692307,275.71,2.03
1333,2612663.9223076925,1266821.6992307692,275.71,2.03
1334,2612868.444285714,1266680.3347619048,275.71,3.66
1335,2613252.5871428573,1266628.68,275.71,2.11
1336,2613361.413333333,1266613.7633333332,275.71,3.09
1337,2612624.73,1266797.43,275.7,2.19
1338,2613470.265714286,1266474.805,275.7,2.99
1339,2612661.48,1266491.18,275.69,2.11
1340,2612705.196666667,1266661.13,275.69,2.19
1341,2613201.4085714286,1266826.2157142856,275.69,2.11
1342,2612697.070909091,1266824.9754545453,275.68,2.65
1343,2612900.85,1266919.8299999998,275.67,2.82
1344,2612104.0376923075,1266562.93,275.66,2.03
1345,2612120.194285714,1266923.4657142856,275.66,2.99
1346,2612494.23,1266474.43,275.66,2.19
1347,2612600.5633333335,1266838.1966666665,275.66,2.19
1348,2612606.3089473685,1266858.93,275.66,2.46
1349,2613159.7563157897,1266856.7984210525,275.66,2.46
1350,2613421.826153846,1266567.6223076922,275.66,2.88
1351,2612871.9085714286,1266814.18,275.65,2.99
1352,2613071.076153846,1266916.8915384614,275.65,2.03
1353,2613284.968095238,1266851.93,275.63,2.59
1354,2613305.944285714,1266721.6085714286,275.63,2.99
1355,2613429.341111111,1266546.2772222222,275.63,3.39
1356,2612678.3728571427,1266595.287142857,275.62,2.59
1357,2613007.468095238,1266829.9776190475,275.62,2.59
1358,2612925.1711764704,1266928.9888235293,275.61,2.33
1359,2613037.4223076925,1266763.6607692307,275.6,2.03
1360,2612660.6510526314,1266824.5615789474,275.59,2.46
1361,2612852.0376923075,1266130.853076923,275.58,2.03
1362,2613008.8966666665,1266888.4633333334,275.58,2.19
1363,2612624.18,1266817.105,275.57,2.52
1364,2612761.749230769,1266772.7184615384,275.57,2.88
1365,2612757.618888889,1266734.6244444444,275.56,3.39
1366,2613156.700588235,1266977.0182352941,275.56,2.33
1367,2613225.88625,1266766.39875,275.56,2.26
1368,2613260.765714286,1266775.18,275.56,2.11
1369,2612725.7754545454,1266780.2027272726,275.55,1.87
1370,2613209.98,1266749.935681818,275.55,5.29
1371,2613046.0829411764,1266876.724117647,275.54,2.33
1372,2612706.664782609,1266688.2560869565,275.53,2.71
1373,2612905.700588235,1266920.0182352941,275.53,2.33
1374,2613130.5376923075,1266852.506923077,275.53,2.88
1375,2612949.23,1266622.93,275.52,2.11
1376,2612697.9039130434,1266640.1473913044,275.51,2.71
1377,2612841.03,1266974.63,275.51,2.19
1378,2612503.8133333335,1266297.7633333332,275.5,2.39
1379,2612507.925652174,1266918.038695652,275.5,2.71
1380,2612708.48,1266811.787142857,275.5,2.11
1381,2612982.825238095,1266830.310952381,275.5,2.59
1382,2613292.524117647,1266693.9594117648,275.5,2.33
1383,2613021.306923077,1266870.0453846154,275.49,2.88
1384,2613138.2879710146,1266862.93,275.48,4.69
1385,2612668.499230769,1266128.5582051282,275.47,3.52
1386,2612998.26125,1266825.27375,275.47,2.26
1387,2613034.1787179485,1266821.6992307692,275.47,3.52
1388,2613166.0395238097,1266832.2395238094,275.47,2.59
1389,2613409.4947058824,1266262.5476470587,275.47,2.33
1390,2612836.890714286,1266975.322857143,275.46,2.99
1391,2613196.960769231,1266915.2376923077,275.46,2.03
1392,2612848.68,1266830.6633333333,275.44,3.09
1393,2612913.9908695654,1266947.386521739,275.43,2.71
1394,2613001.105,1266781.305,275.43,2.52
1395,2613107.796666667,1266892.4633333334,275.42,3.09
1396,2613348.960769231,1266623.603076923,275.41,2.88
1397,2612694.507777778,1266634.6707407406,275.4,2.93
1398,2612852.7855555555,1266901.6522222222,275.4,3.39
1399,2613254.889090909,1266728.1118181818,275.4,2.65
1400,2612998.933703704,1266816.2077777777,275.39,2.93
1401,2613097.29,1266747.3299999998,275.39,2.82
1402,2613129.677368421,1266922.1405263157,275.39,2.46
1403,2613184.94875,1266868.7659375,276.16,4.51
1404,2612656.454137931,1266787.378275862,275.37,3.04
1405,2612822.98,1266130.43,275.36,2.26
1406,2613005.82375,1266915.68,275.36,2.26
1407,2612912.7776190476,1266990.43,275.35,2.59
1408,2613103.889090909,1266891.6118181818,275.35,2.65
1409,2613162.8878947366,1266917.0615789474,275.35,2.46
1410,2613248.05,1266896.27,275.35,2.82
1411,2612334.8057575757,1266920.6875757575,275.34,3.24
1412,2613170.796666667,1266866.5799999998,275.34,3.09
1413,2613420.355,1266287.2425,275.34,2.26
1414,2613008.855,1266783.805,275.33,2.26
1415,2613269.640714286,1266806.2157142856,275.33,2.99
1416,2612976.2127586207,1266788.9127586207,275.32,3.04
1417,2612654.0633333335,1266817.3559259258,275.31,4.15
1418,2613029.2754545454,1266980.248181818,275.3,1.87
1419,2613073.57375,1266864.08625,275.3,2.26
1420,2612199.112352941,1266978.4005882351,275.29,2.33
1421,2613253.93,1266742.3633333333,275.29,2.19
1422,2612438.81,1266958.5799999998,275.28,3.99
1423,2613415.13625,1266248.96125,275.28,2.26
1424,2612180.7812820515,1266970.1607692307,275.27,3.52
1425,2612698.6675,1266636.21125,275.27,2.26
1426,2613040.23,1266966.0014285713,275.27,2.11
1427,2613149.0936363637,1266959.1118181818,275.45,3.74
1428,2613170.5871428573,1266862.7395238094,275.27,2.59
1429,2613226.19875,1266758.52375,275.27,2.26
1430,2613491.9633333334,1266498.1966666665,275.27,2.19
1431,2612803.1711764704,1266797.0476470587,275.26,2.33
1432,2612957.07,1266838.6199999999,275.26,3.99
1433,2612513.6466666665,1266875.6244444444,275.25,2.39
1434,2613472.01125,1266550.805,275.25,3.91
1435,2612695.177368421,1266769.877368421,275.24,2.46
1436,2612854.6823809524,1266842.8823809524,275.24,2.59
1437,2612668.907777778,1266834.0188888889,275.22,3.78
1438,2613031.505,1266802.78,275.22,2.52
1439,2613158.2855555555,1266761.3744444444,275.22,2.39
1440,2612512.524117647,1266942.4005882351,275.21,2.33
1441,2612704.3770588236,1266663.6947058823,275.21,2.33
1442,2613040.126226415,1266816.4771698113,275.21,4.11
1443,2613094.927674419,1266839.1858139534,275.21,3.7
1444,2613238.2466666666,1266818.6966666665,275.21,3.09
1445,2613403.9383333335,1266321.555,275.21,1.95
1446,2613421.69,1266113.17,275.21,2.82
1447,2613488.53,1266556.13,275.2,2.19
1448,2612657.23,1266822.6175,275.19,2.26
1449,2612811.8341666665,1266788.4716666667,275.19,2.76
1450,2612982.9735897435,1266946.9684615384,275.18,3.52
1451,2612666.53,1266832.0966666667,275.17,2.19
1452,2612733.98,1266775.68,275.17,2.65
1453,2612856.056923077,1266848.9492307692,275.17,2.88
1454,2613260.3966666665,1266778.1707407406,275.17,2.93
1455,2613413.202222222,1266564.5966666667,275.17,2.39
1456,2613366.98,1266087.18,275.16,2.11
1457,2612192.444285714,1266989.668095238,275.15,2.59
1458,2612653.694285714,1266834.3585714286,275.15,2.11
1459,2613031.8758333335,1266766.68,275.15,2.76
1460,2613412.940526316,1266267.8510526316,275.15,2.46
1461,2612860.259411765,1266853.724117647,275.14,2.33
1462,2612937.055,1266969.005,275.14,2.52
1463,2612963.499230769,1266606.853076923,275.13,2.03
1464,2612599.4223076925,1266855.2376923077,275.12,2.03
1465,2613250.9633333334,1266600.7633333332,275.12,2.19
1466,2613279.634761905,1266765.2395238094,275.12,2.59
1467,2613004.0871428573,1266780.3942857143,275.11,2.11
1468,2612761.8014285713,1266551.2157142856,275.1,3.34
1469,2613158.502727273,1266756.1118181818,275.1,2.65
1470,2613382.007777778,1266596.2633333332,275.1,2.39
1471,2612761.6865217392,1266768.1908695651,275.08,2.71
1472,2612774.4899999998,1266696.97,275.08,2.82
1473,2612781.182830189,1266710.5337735848,275.08,4.11
1474,2613008.0633333335,1266907.53,275.07,2.19
1475,2612849.196666667,1266826.3299999998,275.06,2.19
1476,2612988.84,1266829.5699999998,275.06,3.99
1477,2612106.763333333,1266971.63,275.05,2.19
1478,2612867.1585714286,1266888.2633333332,275.05,2.59
1479,2612918.663333333,1266997.6966666665,275.05,2.19
1480,2613062.466842105,1266856.535263158,275.05,2.46
1481,2613098.141764706,1266810.8711764705,275.05,2.33
1482,2613128.5871428573,1266995.8942857143,275.05,2.11
1483,2612518.718888889,1266503.73,275.04,3.78
1484,2612726.940526316,1266773.2984210525,275.04,2.46
1485,2612778.2029729728,1266711.0516216215,275.04,3.43
1486,2613267.6787179485,1266802.647948718,275.04,3.52
1487,2612851.452222222,1266905.2633333332,275.03,2.39
1488,2612855.5481818183,1266853.43,275.03,2.65
1489,2613418.6228571427,1266554.6085714286,275.03,2.11
1490,2613413.13,1266271.13,275.02,2.52
1491,2612684.8615789474,1266596.8510526316,275.01,2.46
1492,2612636.804074074,1266781.5596296296,275.0,2.93
1493,2613037.01125,1266961.68,275.0,2.26
1494,2613458.48,1266553.0966666667,275.0,2.39
1495,2612620.63,1266821.53,274.99,2.52
1496,2612858.2164864866,1266753.6462162163,274.99,3.43
1497,2612963.460769231,1266584.6223076922,274.99,2.03
1498,2612823.019473684,1266624.8510526316,274.98,2.46
1499,2612957.5514285713,1266974.43,274.98,2.11
1500,2613120.53,1266749.91,274.98,2.82
1501,2613199.4947058824,1266768.1947058823,274.98,2.33
1502,2612140.460769231,1266973.6223076922,274.97,2.03
1503,2612754.4892592593,1266885.318888889,274.97,2.93
1504,2613131.13625,1266977.7425,274.97,2.26
1505,2613462.32375,1266546.68,274.97,2.26
1506,2612780.717179487,1266764.994102564,274.94,3.52
1507,2613029.48,1266821.43,274.92,2.11
1508,2612653.4118181816,1266810.93,274.91,2.65
1509,2612740.702222222,1266783.0133333332,274.91,2.39
1510,2613162.3417647057,1266889.53,275.42,5.2
1511,2613044.493157895,1266762.2984210525,274.9,2.46
1512,2613090.4383333335,1266839.3605555554,274.9,3.39
1513,2612150.9039130434,1266792.2778260869,274.89,2.71
1514,2612719.263333333,1266782.63,274.87,2.19
1515,2613284.1744444445,1266725.055,274.87,3.39
1516,2612847.423548387,1266973.5106451612,274.86,3.14
1517,2612897.3728571427,1266985.18,274.85,2.11
1518,2612920.73,1266872.4776190475,274.82,4.48
1519,2613191.755,1266860.8299999998,274.82,2.52
1520,2613234.097647059,1266694.1505882351,274.82,3.29
1521,2612960.5829411764,1266622.8123529411,274.81,2.33
1522,2613000.23,1266795.4577777777,274.81,2.39
1523,2613238.5829411764,1266881.1652941175,274.81,2.33
1524,2613377.7855555555,1266066.5133333332,274.81,3.39
1525,2612848.973243243,1266884.43,274.8,3.43
1526,2612970.940526316,1266929.2457894736,274.8,2.46
1527,2613017.044814815,1266920.5966666667,274.8,2.93
1528,2612479.44875,1266474.43,274.79,2.26
1529,2612932.1146153845,1266738.93,274.79,2.03
1530,2612933.320909091,1266968.7254545453,274.79,2.65
1531,2613262.2855555555,1266529.93,274.79,2.39
1532,2613301.2888235296,1266706.8711764705,274.79,2.33
1533,2612423.85,1266942.8299999998,274.77,2.82
1534,2613050.1855555554,1266753.8522222221,274.77,3.78
1535,2613382.653076923,1266559.2376923077,274.77,2.03
1536,2613246.4064705884,1266770.9594117648,274.76,2.33
1537,2612861.51125,1266819.805,274.75,2.26
1538,2613140.8436363637,1266860.8618181818,274.75,2.65
1539,2613209.491904762,1266801.43,274.75,2.59
1540,2612860.045217391,1266994.8104347826,274.74,3.83
1541,2612862.4231818183,1266845.8845454545,274.74,3.74
1542,2612685.3453846155,1266772.2761538462,274.73,2.03
1543,2612794.5413207547,1266140.8733962264,274.73,4.11
1544,2613421.0560869565,1266564.2995652172,274.73,2.71
1545,2612562.8851724137,1266403.6196551723,274.72,3.04
1546,2612734.03,1266130.9633333334,274.72,3.09
1547,2612974.73,1266613.68,274.72,1.95
1548,2612696.8089473685,1266135.377368421,274.71,2.46
1549,2612773.383846154,1266140.103076923,274.71,2.88
1550,2613329.696666667,1266741.5633333332,274.69,2.19
1551,2612625.0376923075,1266674.5453846154,274.68,2.03
1552,2613457.8851724137,1266547.154137931,274.67,3.04
1553,2612864.2077777777,1266821.2855555555,274.66,3.78
1554,2612948.98,1266606.18,274.66,2.11
1555,2613095.93,1266786.23,274.66,2.19
1556,2613130.177368421,1266738.43,274.66,2.46
1557,2612811.57375,1266795.46125,274.65,2.26
1558,2612855.48,1266997.1345454545,274.64,2.65
1559,2612678.6711764704,1266829.7535294117,274.63,2.33
1560,2612797.196666667,1266629.8633333333,274.62,3.09
1561,2612700.4175,1266688.1175,274.61,2.26
1562,2613218.5871428573,1266793.025238095,274.61,2.59
1563,2613167.8728571427,1266823.1919047618,274.6,2.59
1564,2613388.1610344825,1266061.2058620688,274.6,3.04
1565,2613488.03,1266497.23,274.59,2.52
1566,2613102.8966666665,1266782.6383333332,274.58,3.91
1567,2612484.83,1266931.99,274.57,2.82
1568,2612770.4142105263,1266697.877368421,274.57,2.46
1569,2613306.112352941,1266702.9005882351,274.57,2.33
1570,2612524.9591666665,1266082.7008333332,274.56,2.76
1571,2612954.355,1266613.21125,274.56,2.26
1572,2613173.4415384615,1266823.4107692307,274.56,2.88
1573,2613286.960769231,1266717.7376923077,274.56,2.03
1574,2613158.8966666665,1266743.2633333332,274.55,1.95
1575,2612522.4707407407,1266942.0225925925,274.54,2.93
1576,2613254.944285714,1266635.072857143,274.54,2.11
1577,2613174.1585714286,1266827.9061904761,274.53,2.59
1578,2613073.4886206896,1266853.7403448275,274.52,3.04
1579,2612681.2876923075,1266833.18,274.5,2.88
1580,2613120.8633333333,1266838.8299999998,274.5,2.19
1581,2613439.23,1266551.9925,274.5,2.26
1582,2612161.6228571427,1266923.787142857,274.49,2.11
1583,2612500.196666667,1266943.13,274.49,2.19
1584,2612754.257777778,1266965.4577777777,274.49,2.39
1585,2613015.024117647,1266896.7535294117,274.49,2.33
1586,2613179.999230769,1266959.2376923077,274.49,2.03
1587,2613223.3728571427,1266797.1442857143,274.49,2.11
1588,2613086.6845454546,1266856.8087878788,274.48,4.58
1589,2612644.98,1266122.68,274.47,2.11
1590,2612656.6115789474,1266773.897105263,274.47,4.92
1591,2613190.68,1266876.655,274.47,2.52
1592,2612954.6510526314,1266625.0089473682,274.46,2.46
1593,2613125.151875,1266905.039375,274.46,3.19
1594,2613290.82375,1266714.305,274.45,2.26
1595,2612640.696666667,1266667.8299999998,274.44,2.19
1596,2612798.23,1266839.9826315788,274.44,2.46
1597,2612442.73,1266931.7778260869,274.43,2.71
1598,2612738.73,1266715.68,274.43,1.95
1599,2613166.67,1266985.21,274.43,2.82
1600,2612758.218888889,1266966.6188888887,274.42,3.78
1601,2612655.0871428573,1266752.2157142856,274.4,2.11
1602,2612864.5376923075,1266752.7376923077,274.4,2.03
1603,2612849.43,1266894.63,274.39,2.19
1604,2612643.6744444445,1266736.4577777777,274.38,2.39
1605,2612916.757777778,1266876.1244444444,274.38,2.39
1606,2612664.706190476,1266885.787142857,274.37,2.59
1607,2612863.493157895,1266989.0878947368,274.37,2.46
1608,2613202.702222222,1266999.2077777777,274.37,2.39
1609,2613054.205,1266753.28,274.36,2.52
1610,2612778.070909091,1266136.9527272726,274.35,2.65
1611,2613076.63625,1266851.6175,274.32,3.19
1612,2612106.48,1266917.787142857,274.29,2.11
1613,2612418.4085714286,1266939.2514285713,274.29,2.11
1614,2612683.966842105,1266131.2984210525,274.29,2.46
1615,2612862.2684615385,1266959.2761538462,274.28,2.03
1616,2613049.296666667,1266996.6633333333,274.28,2.19
1617,2613166.2925,1266859.64875,274.28,2.26
1618,2612778.753809524,1266778.0014285713,274.25,2.59
1619,2613170.73,1266823.43,274.25,1.69
1620,2612850.196666667,1266859.63,274.24,2.19
1621,2612796.759411765,1266138.7829411763,274.23,2.33
1622,2613138.1711764704,1266828.1652941175,274.22,2.33
1623,2612786.8670967743,1266744.5348387095,274.21,4.44
1624,2612658.98,1266926.1383333332,274.2,3.39
1625,2612721.326153846,1266714.93,274.2,2.88
1626,2612623.5818518517,1266841.2355555554,274.19,4.15
1627,2612847.08,1266977.2049999998,274.17,2.52
1628,2612911.347647059,1266926.724117647,274.16,2.33
1629,2613042.3014285713,1266885.93,274.16,2.11
1630,2612862.765714286,1266946.537142857,274.15,2.11
1631,2613480.7478571427,1266503.6085714286,274.14,2.99
1632,2612648.633846154,1266927.6415384614,274.13,2.88
1633,2613101.796666667,1266805.1966666665,274.12,2.19
1634,2612974.53,1266794.23,274.11,2.19
1635,2612664.265714286,1266772.787142857,274.07,2.11
1636,2613458.4358823528,1266542.6947058823,274.07,2.33
1637,2613214.295217391,1266759.473478261,274.06,2.71
1638,2612656.648604651,1266885.1974418603,274.03,3.7
1639,2612793.794516129,1266895.7364516128,274.03,4.44
1640,2612924.653076923,1266963.1607692307,274.02,2.88
1641,2613003.5425,1266767.33625,274.02,2.26
1642,2613099.816956522,1266825.473478261,274.02,2.71
1643,2612803.07,1266981.15,274.0,2.82
1644,2613398.6585714286,1266590.0014285713,274.0,2.59
1645,2612938.105,1266980.8675,273.99,2.26
1646,2612852.48,1266868.43,273.98,2.39
1647,2612972.153076923,1266847.8146153844,273.98,3.52
1648,2612649.7855555555,1266684.43,273.95,2.39
1649,2612651.98,1266931.43,273.95,2.26
1650,2612371.0535294116,1266986.4005882351,273.91,3.29
1651,2612767.524117647,1266944.7535294117,273.91,2.33
1652,2613492.7563157897,1266477.535263158,273.89,2.46
1653,2612535.5925,1266934.7425,273.87,3.57
1654,2612242.024117647,1266893.3711764705,273.83,2.33
1655,2613105.281020408,1266834.3891836733,273.8,3.95
1656,2612704.515714286,1266824.6919047618,273.78,2.59
1657,2613168.9947058824,1266995.3711764705,273.77,2.33
1658,2613346.23,1266732.18,273.75,2.26
1659,2612466.6845454546,1266915.8163636364,273.74,2.65
1660,2612752.98,1266697.93,273.74,2.11
1661,2612791.97,1266988.41,273.71,2.82
1662,2612650.6446341462,1266124.3568292682,273.7,3.61
1663,2613170.855,1266768.5799999998,273.69,2.52
1664,2613476.4908695654,1266503.6256521738,273.69,2.71
1665,2612858.85,1266864.45,273.64,2.82
1666,2612798.036451613,1266871.752580645,273.63,3.14
1667,2612825.5966666667,1266995.03,273.63,2.19
1668,2612754.347647059,1266969.9888235293,273.62,2.33
1669,2612875.93,1266876.9633333334,273.62,3.78
1670,2612961.4713793104,1266841.5162068964,273.62,3.04
1671,2612794.0107017546,1266910.3861403507,273.61,4.26
1672,2613226.5355555555,1266948.8466666667,273.61,2.39
1673,2613387.23,1266598.5751612904,273.61,3.14
1674,2613417.73,1266327.006923077,273.61,2.03
1675,2612794.2716666665,1266890.4716666667,273.6,3.39
1676,2612712.87,1266896.67,273.57,2.82
1677,2612841.5871428573,1266841.787142857,273.56,2.59
1678,2613108.6213043476,1266863.4517391303,273.53,2.71
1679,2613449.8447540984,1266202.5857377048,273.51,4.41
1680,2613224.263333333,1266793.0633333332,273.49,2.19
1681,2613442.5216666665,1266195.1591666667,273.49,2.76
1682,2613448.796666667,1266198.53,273.49,2.19
1683,2613134.9966666666,1266991.0966666667,273.47,2.19
1684,2613462.4646938774,1266220.154489796,273.47,3.95
1685,2613463.7138709677,1266568.6074193548,273.45,3.14
1686,2613357.318235294,1266617.9594117648,273.42,2.33
1687,2612709.639090909,1266907.5209090908,273.4,2.65
1688,2612923.98,1266935.68,273.4,1.95
1689,2613460.0376923075,1266567.506923077,273.38,2.03
1690,2612617.7716666665,1266824.9716666667,273.35,1.95
1691,2613094.9223076925,1267000.1223076922,273.35,2.03
1692,2612762.48,1266967.93,273.33,2.11
1693,2613164.98,1266962.43,273.33,2.11
1694,2612384.15,1266989.55,273.31,2.82
1695,2612751.73,1266727.4925,273.3,2.26
1696,2613390.940526316,1266594.6931578948,273.3,2.46
1697,2613417.5592682925,1266581.4543902439,273.28,3.61
1698,2612582.5633333335,1266890.5966666667,273.25,1.95
1699,2613135.93,1266896.3133333332,273.25,3.09
1700,2612798.3633333333,1266847.8966666665,273.24,2.19
1701,2612852.23,1266923.8510526316,273.24,2.46
1702,2613203.110952381,1266749.9061904761,273.24,2.59
1703,2612743.98,1266863.93,273.23,2.39
1704,2613136.3133333335,1266985.1383333332,273.22,1.95
1705,2612599.4204761903,1266864.0014285713,273.21,2.59
1706,2612134.0936363637,1266910.839090909,273.2,1.87
1707,2612846.612352941,1266941.6947058823,273.17,2.33
1708,2613109.855,1266832.93,273.13,2.76
1709,2612682.957272727,1266931.5209090908,273.12,1.87
1710,2612747.98,1266771.93,273.12,1.95
1711,2612809.3014285713,1266764.537142857,273.12,2.11
1712,2612633.325238095,1266866.2157142856,273.11,2.59
1713,2613262.9223076925,1266629.6607692307,273.1,2.03
1714,2612516.269473684,1266962.43,273.09,3.48
1715,2613403.178979592,1266585.093265306,273.07,3.95
1716,2612707.93,1266840.3633333333,273.04,2.19
1717,2612966.110952381,1266991.668095238,273.03,2.59
1718,2613437.7517391304,1266125.973478261,273.02,4.69
1719,2612779.26125,1266866.39875,272.99,2.26
1720,2613304.968095238,1266800.8585714286,272.99,2.59
1721,2612505.73,1266867.18,272.9,2.26
1722,2612702.5425,1266946.83625,272.9,2.26
1723,2612801.1585714286,1266970.7514285713,272.9,2.11
1724,2612857.5633333335,1266923.1633333333,272.88,2.19
1725,2613411.8133333335,1266582.305,272.87,2.76
1726,2613282.0871428573,1266801.4657142856,272.82,2.11
1727,2612933.1510526314,1266978.1010526316,272.74,3.48
1728,2612312.2563157897,1266910.0089473682,272.7,2.46
1729,2612706.98,1266139.3258333332,272.64,2.76
1730,2612676.696666667,1266911.3299999998,272.58,2.19
1731,2612458.1733962265,1266981.8733962264,272.55,4.11
1732,2613336.1915384615,1266758.6223076922,272.55,2.88
1733,2613041.5829411764,1266807.3123529411,272.53,2.33
1734,2613346.358205128,1266738.1351282052,272.46,3.52
1735,2612844.23,1266962.1085714286,272.41,2.11
1736,2613458.4142105263,1266304.6931578948,272.4,2.46
1737,2612856.452222222,1266916.5133333332,272.39,2.39
1738,2613428.73,1266300.43,272.39,2.46
1739,2613441.1744444445,1266242.4855555554,272.33,2.39
1740,2612444.705,1266962.28,272.3,2.52
1741,2612809.6610344825,1266767.5162068964,272.26,3.04
1742,2612401.453880597,1266993.325522388,272.24,4.62
1743,2612855.2133333334,1266960.7466666666,272.22,3.09
1744,2613327.6865217392,1266772.93,272.22,3.83
1745,2612696.4633333334,1266945.4966666666,272.21,2.19
1746,2613434.507777778,1266252.1244444444,272.21,2.39
1747,2613421.4966666666,1266334.7633333332,272.18,2.19
1748,2613310.3770588236,1266790.7829411763,272.1,2.33
1749,2612651.455,1266912.605,272.08,2.52
1750,2612651.0633333335,1266916.3299999998,272.01,2.19
1751,2613434.9713793104,1266271.9989655172,271.98,3.04
1752,2613498.7644827585,1266468.3955172412,271.92,3.04
1753,2613471.836060606,1266209.1118181818,271.91,3.24
1754,2612718.8966666665,1266911.8966666665,271.86,2.19
1755,2613474.7556410255,1266208.3017948717,271.77,3.52
1756,2612727.3966666665,1266957.7633333332,271.72,1.95
1757,2612728.3604347827,1266947.8430434782,271.71,2.71
1758,2613449.33,1266230.4966666666,271.68,3.09
1759,2613313.69875,1266786.4925,271.62,2.26
1760,2612701.9633333334,1266139.5966666667,271.59,2.19
1761,2612773.5633333335,1266851.7966666666,271.56,2.19
1762,2613220.98,1266968.4577777777,271.54,2.39
1763,2613349.1744444445,1266725.7077777777,271.52,2.93
1764,2612431.83,1266989.97,271.49,2.82
1765,2612712.696666667,1266933.5633333332,271.45,2.19
1766,2613257.3341666665,1266892.5758333332,271.44,2.76
1767,2613458.29,1266332.13,271.44,2.82
1768,2613460.77,1266282.94,271.44,3.99
1769,2613474.9345454546,1266175.0436363635,271.43,2.65
1770,2613341.2478571427,1266752.8764285713,271.4,2.99
1771,2613461.73,1266231.4925,271.37,2.26
1772,2613394.3878947366,1266601.3510526316,271.24,2.46
1773,2613451.890714286,1266226.3942857143,271.23,2.99
1774,2613461.8966666665,1266234.8633333333,271.22,2.19
1775,2613463.6744444445,1266247.568888889,271.21,2.39
1776,2613483.07375,1266249.46125,271.21,2.26
1777,2612536.3728571427,1266929.9657142856,271.2,2.11
1778,2613332.8453846155,1266683.93,271.15,2.03
1779,2613218.4425,1266981.3175,271.12,3.57
1780,2613430.48,1266058.541111111,271.11,4.15
1781,2613460.8758333335,1266299.93,271.11,2.76
1782,2613349.468095238,1266720.5490476189,271.0,2.59
1783,2613489.1845454546,1266353.2027272726,270.98,2.65
1784,2613456.8453846155,1266149.0582051282,270.97,3.52
1785,2613482.67,1266257.23,270.92,2.82
1786,2613481.105,1266260.4716666667,270.78,1.95
1787,2613464.5514285713,1266345.822857143,270.76,2.11
1788,2613457.76125,1266336.71125,270.75,2.26
1789,2613486.63625,1266349.1175,270.75,2.26
1790,2613462.805,1266335.405,270.72,2.52
1791,2613428.4223076925,1266054.6607692307,270.68,2.03
1792,2613349.1228571427,1266630.287142857,270.67,2.11
1793,2613236.4495121953,1266935.7836585366,270.61,3.61
1794,2613333.640714286,1266769.4657142856,270.57,2.99
1795,2613453.03,1266283.2633333332,270.5,2.19
1796,2612444.515714286,1266987.3407142856,270.48,2.99
1797,2613446.73,1266248.43,270.48,2.33
1798,2612472.4962337664,1266982.5338961037,270.3,4.95
1799,2613472.163333333,1266295.6633333333,270.3,3.09
1800,2613356.8014285713,1266653.537142857,270.28,2.11
1801,2613470.3270149254,1266193.0195522388,270.23,4.62
1802,2613265.4966666666,1266881.4522222222,270.18,3.78
1803,2613302.5721052634,1266834.0615789474,270.12,2.46
1804,2612821.7888235296,1267000.4594117648,274.04,2.33
1805,2613474.200588235,1266247.2535294117,270.09,2.33
1806,2613472.4966666666,1266089.5966666667,270.0,2.19
1807,2613446.6170967743,1266577.6396774193,269.82,3.14
1808,2613382.8747368422,1266668.8510526316,269.81,3.48
1809,2613457.070909091,1266574.5663636364,269.67,2.65
1810,2612597.341111111,1266966.7262962963,269.62,2.93
1811,2613473.38,1266268.4549999998,269.54,2.52
1812,2613386.48,1266669.93,269.5,2.39
1813,2612495.707272727,1266978.248181818,269.3,2.65
1814,2613221.024117647,1266976.8711764705,269.3,2.33
1815,2613452.0535294116,1266307.0476470587,269.2,2.33
1816,2613281.88,1266865.555,269.12,2.52
1817,2613241.2684615385,1266925.5838461537,269.08,2.88
1818,2613490.805,1266675.905,269.02,2.52
1819,2613473.3329411764,1266063.7388235293,269.0,3.29
1820,2613481.73,1266277.7126086955,268.99,2.71
1821,2612632.0859322036,1266986.93,268.95,4.33
1822,2613245.0871428573,1266917.4657142856,268.92,2.11
1823,2613459.9244444445,1266668.1522222222,268.91,4.15
1824,2613468.3966666665,1266565.2633333332,268.85,2.19
1825,2612532.98,1266948.93,268.75,2.26
1826,2613347.4064705884,1266742.0623529411,268.73,3.29
1827,2613478.192962963,1266278.7448148148,268.69,2.93
1828,2613448.282631579,1266309.9563157894,268.65,2.46
1829,2613449.5852631577,1266654.8378947368,268.49,3.48
1830,2613464.0361224487,1266687.817755102,268.48,3.95
1831,2613350.18,1266716.355,268.09,2.52
1832,2613459.33,1266663.78,268.09,3.57
1833,2613347.2517391304,1266711.1256521738,268.07,3.83
1834,2612532.8966666665,1266956.4633333334,267.93,2.19
1835,2613468.5818518517,1266591.041111111,267.9,2.93
1836,2613494.23,1266127.2514285713,267.74,2.11
1837,2613483.57375,1266186.89875,267.69,2.26
1838,2613355.3878947366,1266666.2457894736,267.67,2.46
1839,2613466.98,1266683.18,267.61,2.52
1840,2613450.5355555555,1266658.318888889,267.57,2.39
1841,2613463.26125,1266665.508125,267.54,3.19
1842,2613424.5583582087,1266660.221044776,267.51,4.62
1843,2612654.700588235,1266981.7535294117,267.47,2.33
1844,2613228.1466666665,1266968.7633333332,267.4,2.39
1845,2612441.0514285713,1266992.0192857143,267.34,2.99
1846,2613488.03,1266617.9633333334,267.29,2.19
1847,2613420.8442857144,1266656.5442857142,267.26,3.34
1848,2613358.0871428573,1266675.0014285713,267.25,3.34
1849,2613475.88,1266635.405,267.18,2.52
1850,2613387.6915384615,1266610.1992307692,267.16,2.03
1851,2613211.9358823528,1266996.9594117648,267.12,2.33
1852,2613469.172857143,1266624.1728571428,267.07,3.34
1853,2612607.8133333335,1266988.2077777777,267.06,2.39
1854,2613425.915185185,1266656.078148148,267.06,2.93
1855,2613472.355,1266628.14875,267.01,2.26
1856,2613478.940526316,1266630.2984210525,267.01,2.46
1857,2613462.7876923075,1266586.18,266.92,2.88
1858,2612412.3966666665,1266996.9966666666,266.88,2.19
1859,2613475.3466666667,1266630.4466666665,266.87,3.09
1860,2613486.200588235,1266613.2829411763,266.83,2.33
1861,2612642.6883333335,1266978.68,266.8,2.76
1862,2613470.6585714286,1266652.8407142856,266.74,2.99
1863,2613458.7754545454,1266655.7784848483,266.63,3.24
1864,2613234.6711764704,1266942.0476470587,266.5,2.33
1865,2613453.752727273,1266619.7709090908,266.42,2.65
1866,2612640.82375,1266975.02375,266.16,2.26
1867,2613411.8014285713,1266706.2157142856,266.12,2.59
1868,2613477.73,1266621.0436363635,265.95,2.65
1869,2613364.120625,1266688.789375,265.91,3.19
1870,2613399.580746269,1266689.2807462686,265.88,4.62
1871,2613321.3453846155,1266787.6992307692,265.78,2.03
1872,2612524.0936363637,1266969.1118181818,265.71,2.65
1873,2613408.1711764704,1266700.5476470587,265.67,2.33
1874,2613402.639090909,1266713.7027272726,265.6,2.65
1875,2613397.8966666665,1266693.8966666665,265.5,2.19
1876,2613426.5871428573,1266712.18,265.34,2.11
1877,2613478.0633333335,1266588.6966666665,265.3,2.19
1878,2613372.83,1266714.0633333332,265.27,2.19
1879,2613458.3758333335,1266619.5341666667,265.22,2.76
1880,2613475.0633333335,1266670.0966666667,265.22,2.39
1881,2613417.1711764704,1266715.8711764705,265.14,2.33
1882,2613395.296666667,1266633.2966666666,265.09,2.19
1883,2613402.933703704,1266693.9114814815,265.07,2.93
1884,2613394.1744444445,1266725.8744444444,265.03,2.39
1885,2612454.677368421,1266986.0615789474,264.87,2.46
1886,2613431.677368421,1266698.5089473682,264.78,2.46
1887,2613491.259411765,1266660.1064705881,264.72,2.33
1888,2612449.202222222,1266989.4022222222,264.46,2.39
1889,2613379.605,1266672.3883333332,264.46,2.76
1890,2613382.23,1266734.43,264.38,2.03
1891,2613372.9908695654,1266734.8213043478,264.37,2.71
1892,2612527.8728571427,1266982.287142857,264.27,2.59
1893,2613416.155,1266626.0799999998,264.1,2.52
1894,2613481.2888235296,1266597.3417647057,263.97,2.33
1895,2613416.944285714,1266628.1442857143,263.91,2.11
1896,2612482.3133333335,1266984.9716666667,263.36,1.95
1897,2613334.468095238,1266816.8347619048,263.07,3.66
1898,2612514.3966666665,1266994.4776190475,262.82,2.59
1899,2612522.69875,1266985.39875,262.01,2.26
1900,2612515.855,1266991.1175,261.63,2.76
