Tree_ID,X,Y,Z,Height_m,Crown_Diameter_m
0,2612123.72339371,1266078.1593713362,283.35570058604293,8.09,4.73
1,2612152.0986797586,1266080.6904157028,286.1386104695925,11.05,5.72
2,2612108.3811691604,1266129.034132757,281.45103211991517,7.52,5.37
3,2612166.074210862,1266094.0364133262,283.5804592496769,8.32,6.05
4,2612182.4232463622,1266102.1168651904,282.36073359803544,8.38,6.92
5,2612194.9804815156,1266090.4546136647,282.7138783128034,8.28,5.86
6,2612176.5679698056,1266112.0959395964,284.22838506711383,9.76,5.07
7,2612195.011384682,1266107.0673452509,281.78838147638544,8.0,4.97
8,2612189.932859758,1266117.2111512139,284.076084970306,10.33,4.78
9,2612203.76137109,1266114.7946264357,283.18087438423623,9.16,5.25
10,2612190.118517091,1266130.9994174358,281.1624650938846,7.52,4.73
11,2612115.492969738,1266163.17727837,281.2814483765052,8.59,5.02
12,2612103.2932589734,1266167.7712748996,280.4529482071713,6.23,4.59
13,2612111.778221471,1266184.6875391514,280.74813571961204,7.87,5.2
14,2612202.656213645,1266142.0582917705,281.6122901080631,8.36,5.04
15,2612208.3750704955,1266158.0487630747,280.8999045020474,8.75,5.94
16,2612190.6227166443,1266176.2701382297,281.54847953216364,7.5,5.05
17,2612206.644200961,1266193.6236183844,282.18258150721505,8.23,5.48
18,2612402.5291374708,1266051.9728032348,273.13070080862514,2.14,4.52
19,2612459.6784494766,1266051.097508576,274.61861252466525,11.52,8.5
20,2612221.874108655,1266081.5293288878,282.1220734506507,9.43,7.99
21,2612247.3863601405,1266074.1529384092,281.96860992301146,8.71,4.73
22,2612245.1566716186,1266091.2459588367,281.61454518341816,9.46,5.41
23,2612260.445809991,1266087.1130208536,280.780280176956,7.73,6.53
24,2612238.359534892,1266109.7465565111,282.00319869441074,8.77,5.2
25,2612251.4232546426,1266134.6707630842,280.9843300798552,8.57,7.18
26,2612312.828953075,1266095.1207243411,282.09593548387016,8.6,7.1
27,2612341.7430904023,1266078.2798616209,280.3879520295207,6.82,4.56
28,2612326.5718820607,1266087.2644165636,280.11622333751586,6.31,4.42
29,2612305.609491957,1266104.1501823685,283.4514893617017,9.62,5.57
30,2612328.5265472257,1266131.6029641698,280.112453854506,5.06,4.19
31,2612335.336893845,1266126.7252686764,280.97415465268665,5.59,4.11
32,2612227.4368086765,1266168.4106594392,281.51907525510444,10.1,8.46
33,2612244.4298473625,1266160.612911387,280.93217423678345,8.49,5.11
34,2612262.143689305,1266149.454008532,282.9166637246263,12.51,6.6
35,2612274.331922501,1266135.5553095157,280.38409159536883,7.61,5.17
36,2612237.3151231394,1266171.7829875383,281.26392929585654,9.54,5.38
37,2612229.090536272,1266194.0626708716,280.6353732912727,5.98,4.09
38,2612269.989884292,1266177.3621983465,281.5118016528922,4.54,4.0
39,2612250.8670512876,1266193.1281262345,280.5470414201182,5.78,4.13
40,2612260.438088087,1266184.76049049,281.2309909909917,6.22,4.25
41,2612312.171499414,1266144.7888331397,281.16453908984744,7.03,6.13
42,2612292.3805907527,1266160.250590751,281.43265410958935,6.68,4.63
43,2612299.115754839,1266154.3253806445,281.1597935483868,5.94,4.12
44,2612320.0386846447,1266138.861838112,280.7715177065765,3.86,3.94
45,2612319.001413994,1266164.8628415996,279.67624065261816,7.22,4.52
46,2612279.017976307,1266169.642941754,281.59934846989097,4.88,4.32
47,2612302.9335409077,1266182.1158913262,280.08991452991336,8.38,7.47
48,2612312.180227658,1266169.9057925856,279.7368634064082,6.6,4.09
49,2612337.38035427,1266175.04640374,279.8494095365431,8.11,7.15
50,2612367.511579401,1266078.79501916,279.7018816517668,7.0,5.92
51,2612370.173088634,1266099.448781162,279.5919390581715,5.82,4.26
52,2612400.0825636475,1266076.357509092,280.5302,3.27,4.92
53,2612391.601914604,1266082.8399724462,280.4866391184571,5.62,4.21
54,2612380.9943867493,1266090.7773410901,280.5129006266784,5.0,5.76
55,2612349.8523648707,1266116.708729729,280.4558648648653,5.25,4.16
56,2612363.3854422597,1266104.110098279,281.28700245700276,5.96,4.37
57,2612389.3929868243,1266129.3317669004,279.6738287514317,8.62,6.36
58,2612423.870484495,1266111.1441925021,279.5904980544744,9.28,12.25
59,2612401.0536167976,1266132.0341152432,279.5133478375523,8.53,9.19
60,2612406.3641219228,1266072.8052249649,280.421030478955,4.67,4.22
61,2612379.1591543774,1266139.4007079632,278.80207964601806,7.47,4.75
62,2612391.9623530693,1266173.554321162,278.57884453284197,9.41,13.34
63,2612436.4243802098,1266211.2432117257,277.3196870065453,9.04,12.03
64,2612531.2300602,1266004.5762252796,279.7452106620807,7.41,4.04
65,2612517.802428889,1266010.9400418387,280.16833100948224,9.23,7.49
66,2612536.2932718056,1266016.3810644138,279.3444605917796,9.5,8.33
67,2612517.337608905,1266023.691277828,279.34057760568055,8.79,5.59
68,2612745.2826057198,1266075.753310948,277.7469545088102,26.07,29.95
69,2612684.9078155593,1266005.1145250702,279.3536835474912,8.72,6.83
70,2612472.1295424267,1266095.2681124855,277.0649189704478,5.59,4.44
71,2612479.534321329,1266098.8832871618,277.8051615881819,6.39,4.23
72,2612513.1106094085,1266080.9524515246,271.1732409972299,5.37,4.14
73,2612524.8988464335,1266081.7841961072,271.32720980533543,8.43,4.51
74,2612487.5467123194,1266103.8566780812,276.81388698630104,4.91,3.77
75,2612499.3086422663,1266109.0905903152,276.7618929555284,6.19,6.23
76,2612484.460139341,1266132.892459495,278.6682874270925,9.3,7.03
77,2612511.5479166587,1266115.0539670163,276.11479166666635,5.87,4.33
78,2612519.0071447603,1266119.090563002,277.0260053619301,5.3,3.89
79,2612526.773738816,1266122.2893649314,276.21452593917724,5.9,4.36
80,2612534.7898400626,1266082.8065656596,270.8732407407407,7.58,4.36
81,2612544.3885036986,1266084.3270600615,270.4399789251851,6.2,4.26
82,2612554.8467262555,1266084.9421899454,271.1550949720668,5.31,4.37
83,2612564.9561705594,1266085.9285679804,272.42713596138407,7.2,4.66
84,2612575.5910367505,1266086.715091864,272.98073490813704,5.39,4.12
85,2612587.1290058484,1266088.2806798266,273.2364400584791,6.53,4.77
86,2612534.9337473717,1266126.61043158,275.79461052631586,5.66,4.15
87,2612546.7718589767,1266132.1285355093,275.99740138067085,5.97,6.32
88,2612491.092814686,1266143.844257805,278.1609960937504,8.24,6.97
89,2612505.7363064615,1266157.2058104347,277.9213460642748,9.39,9.97
90,2612509.502841696,1266170.7911897772,277.01687315634234,8.66,4.71
91,2612518.501411393,1266176.570297475,276.7506962025316,7.61,4.62
92,2612531.241779502,1266182.5005646881,277.3207062638416,9.71,9.92
93,2612560.45926745,1266137.3533488363,274.92110465116286,4.92,3.91
94,2612569.0058732177,1266141.6466626788,275.39150717703365,5.9,3.83
95,2612580.370705031,1266143.87768825,275.83891606714616,8.1,5.18
96,2612595.0429592077,1266148.0413305205,275.41320956399477,7.76,6.32
97,2612585.565066218,1266149.7251876392,275.34984547461346,6.33,4.01
98,2612547.161680162,1266192.7610828457,275.9057764932559,7.69,5.62
99,2612597.153093715,1266089.80308087,272.98067394095,7.73,4.92
100,2612606.877410798,1266090.7819775755,273.35723751274173,8.14,4.16
101,2612618.4717383725,1266092.3612491332,272.99007980568996,8.1,6.49
102,2612637.8032179116,1266094.1714824925,272.98289105058427,6.59,6.83
103,2612605.430330519,1266157.622790162,274.70380476556437,6.76,4.32
104,2612614.903952608,1266160.7408562773,274.6397324159033,6.54,4.48
105,2612627.443970767,1266161.66044661,273.51376776289044,6.7,5.99
106,2612655.759432651,1266157.693560053,272.8197345719973,6.62,6.47
107,2612641.3492542324,1266172.3942465293,273.53598767334444,6.14,7.6
108,2612672.460659898,1266161.0633840961,273.6028426395938,7.01,4.22
109,2612667.359448128,1266179.5628501426,273.51063281824827,6.54,7.74
110,2612685.6950860047,1266178.2387332816,273.5124656820131,8.25,7.61
111,2612696.9571144357,1266181.920970151,272.783445273632,5.03,4.12
112,2612716.085942125,1266181.0892475867,274.0819614147912,5.06,5.87
113,2612704.503545754,1266181.7099509798,273.6278104575159,4.31,3.92
114,2612895.5404549777,1266041.0205300143,275.93351476893685,10.07,8.51
115,2612918.5996859316,1266033.2608354616,275.1223872959876,9.0,9.45
116,2612870.189144481,1266056.935036574,276.61464606044075,9.84,7.32
117,2612907.973861177,1266054.6421800929,275.3395204906613,7.64,6.78
118,2612895.909057737,1266052.8275710442,277.3747203110976,10.27,5.65
119,2612884.182944171,1266065.4325150005,275.89852791878064,7.79,5.02
120,2612728.4470863314,1266179.8372661856,273.4271223021582,4.73,4.39
121,2612737.246171983,1266180.0681830796,274.1572260748962,4.71,4.24
122,2612745.0968380715,1266178.665875275,274.51308533916864,5.75,4.81
123,2612753.065171939,1266177.8802338387,275.9136038514444,5.28,3.9
124,2612762.533611367,1266177.5251787363,275.2763794683773,6.62,4.22
125,2612771.8317593685,1266173.4164079358,275.532505390254,7.94,5.39
126,2612780.4656170653,1266176.2586116155,276.0433030852988,6.16,4.31
127,2612790.4963678527,1266175.4384080376,275.4944667697066,4.93,3.94
128,2612803.55140477,1266174.1710354718,275.92535843591696,7.22,5.54
129,2612814.3737386083,1266171.8986626144,275.1344680851064,6.85,4.1
130,2612822.8263206026,1266171.2877862607,276.20743511450377,6.97,3.79
131,2612831.569580358,1266170.021463661,276.71363357215927,6.53,4.13
132,2612841.2372297244,1266169.6608397714,275.6477123552125,5.56,4.39
133,2612880.3824934936,1266083.3695990897,276.0940123859193,9.86,9.3
134,2612904.722715892,1266076.3442716869,277.76197554635587,11.68,8.44
135,2612907.586444345,1266098.8194732778,275.8841696113084,8.67,8.31
136,2612857.29960071,1266131.3891237818,273.0091370896188,9.4,6.39
137,2612882.766428107,1266108.9401886808,273.85752765126824,5.67,4.83
138,2612894.065194643,1266131.2506107385,275.157389261745,8.72,4.33
139,2612902.5059176353,1266125.8277239965,275.03246387283247,6.8,4.67
140,2612930.0642735134,1266090.762177689,276.17306471132804,8.73,10.12
141,2612917.706969759,1266122.9345005283,275.11574920858175,9.28,7.3
142,2612943.351338332,1266107.594540334,276.59962476547946,7.2,4.45
143,2612897.122409269,1266165.0532661262,275.6085887096779,8.07,4.47
144,2612854.2589356597,1266168.5361080244,276.5967831612395,7.23,5.85
145,2612875.7517044093,1266166.1908410948,273.5589125610301,9.01,9.8
146,2612860.35597172,1266184.6282841323,276.79939114391163,7.53,4.69
147,2612872.337911346,1266182.7194590576,278.7205334335093,8.86,4.2
148,2612863.4264013413,1266194.2613965762,275.91108674928523,7.13,4.99
149,2612907.4425504524,1266164.99651376,276.2248073394499,6.73,3.77
150,2612907.3510640357,1266197.9460692182,277.4883677685939,7.86,4.96
151,2612917.329582424,1266163.8877142838,276.4469010989008,6.42,4.11
152,2612928.9523429875,1266163.4270289864,277.1812439613519,6.99,3.93
153,2612939.110094735,1266162.4959810555,276.66683355886323,6.62,3.86
154,2612971.382507319,1266135.1428581933,269.959978070175,2.87,6.46
155,2612948.872664793,1266162.865610096,276.0072370266483,5.55,3.92
156,2612961.026920722,1266162.22620427,276.76966463414647,6.16,3.74
157,2612120.231615785,1266199.4744503142,280.69321205007697,8.41,6.96
158,2612142.569437726,1266211.1501621183,280.9140837266586,8.47,7.15
159,2612105.599711781,1266240.6004893426,280.4617922545787,8.98,5.79
160,2612110.8896218855,1266254.4452243587,280.56412240694084,9.63,7.24
161,2612123.1434824443,1266256.152302636,278.02713596491304,5.7,5.79
162,2612150.3115219986,1266255.4784066589,278.24325802615937,5.03,3.87
163,2612157.3228604947,1266202.927523513,279.88921238244455,6.9,5.51
164,2612156.188961536,1266227.8341038465,279.5182269230767,6.8,5.6
165,2612215.061113583,1266205.4731477385,282.5741425389762,8.12,4.56
166,2612192.111861013,1266222.2031582955,280.19179922779944,7.03,4.3
167,2612178.0616412843,1266234.1585956062,280.96908629441594,7.82,4.3
168,2612163.6916763056,1266245.0048843867,280.2437052023118,8.15,4.59
169,2612173.758744183,1266253.0084651157,281.56253023255783,7.15,4.12
170,2612193.6027540215,1266237.8347459887,279.7083556149735,6.02,3.92
171,2612201.450623191,1266231.3814565167,280.99412318840615,8.19,4.51
172,2612185.234675731,1266243.6804497913,279.92943514644406,4.9,4.17
173,2612103.568774756,1266265.8084886349,278.5393396918558,6.71,4.24
174,2612120.313927415,1266270.188898514,279.6119430693062,7.89,7.69
175,2612111.468190637,1266277.905727741,279.5963299086756,8.21,6.41
176,2612151.3190737558,1266271.3750257266,280.8178730703254,3.77,3.96
177,2612131.967837949,1266286.2384953736,280.7506851851852,6.85,6.16
178,2612142.8244334343,1266278.1629461735,279.61975920679856,4.43,4.15
179,2612106.1631569224,1266309.0329804956,273.1702878365836,0.98,6.87
180,2612115.0023721443,1266298.5450707274,280.66268770402587,5.63,4.48
181,2612107.713122863,1266302.4205802036,280.0382081911264,5.02,3.96
182,2612123.1009284155,1266294.06427293,279.6583109619692,6.49,4.13
183,2612162.124434642,1266262.0818845204,280.81287890938324,8.25,4.29
184,2612177.985885259,1266296.4881750748,279.11262116716074,8.01,4.97
185,2612169.2233169763,1266318.5845020986,279.1242426367458,7.7,4.63
186,2612158.017280209,1266316.9083290512,281.59456041131006,8.94,4.88
187,2612182.6558163,1266305.7020702101,281.573541716758,10.3,7.39
188,2612117.837133764,1266341.675928465,280.37923076923045,9.73,4.84
189,2612108.4001936135,1266355.111644133,278.5961800860492,8.85,5.4
190,2612134.3713304996,1266335.266906779,280.3427584745758,9.98,5.0
191,2612143.5131735033,1266327.108727111,278.10102877070636,6.55,4.11
192,2612130.432122145,1266346.708229276,280.8007676560898,10.38,5.57
193,2612183.2399058887,1266376.4326239657,278.1240059687803,8.77,6.9
194,2612174.632975221,1266390.7924607575,278.1036327171254,8.33,8.58
195,2612193.5022922903,1266395.201684852,278.38340701802275,10.4,13.36
196,2612120.8582777246,1266399.2347159605,278.9800901713252,5.6,4.5
197,2612106.3691191706,1266402.725621761,276.97028497409343,2.44,3.71
198,2612128.448589637,1266403.9354422318,278.59073306772933,5.38,4.85
199,2612121.6080820714,1266414.396449604,279.45523639607524,7.76,4.28
200,2612140.47744634,1266411.5317718673,278.68066004485746,8.66,6.99
201,2612111.572100913,1266428.774873888,278.0802809243288,9.81,7.82
202,2612129.453391043,1266419.2400611013,277.1605295315687,5.26,4.21
203,2612135.060668349,1266426.8279419867,277.9733896595212,8.87,6.07
204,2612155.283467483,1266421.2977698352,278.4093305754041,8.25,6.76
205,2612144.854511557,1266428.8676221073,277.5485989717221,5.52,3.9
206,2612143.887155323,1266439.2182031195,278.7319692095605,11.51,5.71
207,2612152.242567132,1266434.5490758233,278.0200631911541,7.05,4.31
208,2612164.452230289,1266391.0360217884,278.1402956431535,7.9,4.96
209,2612165.9842429277,1266429.723760399,279.6385940099838,6.31,4.82
210,2612159.5476991204,1266438.596519174,278.15384955752216,4.62,3.73
211,2612167.7402944597,1266444.7006478196,276.5886336866899,6.41,3.93
212,2612174.2159495368,1266434.650624606,278.1501766561513,8.37,4.66
213,2612182.124258013,1266440.482714394,279.04710663683784,7.64,4.73
214,2612194.4229402603,1266447.5117109825,277.83506358381544,8.04,6.78
215,2612220.9280038355,1266199.15346449,281.38697696737034,6.48,4.08
216,2612228.133758626,1266210.2173362095,281.8486982758624,5.31,4.56
217,2612241.011741429,1266200.25216359,282.9185751978892,4.56,4.2
218,2612235.3567241374,1266205.0940421454,280.96503831417624,3.57,3.96
219,2612221.9298036364,1266215.5792566617,280.3593828892011,5.08,4.15
220,2612276.202894726,1266222.1473327402,280.3493019625329,8.77,6.55
221,2612223.806507617,1266268.3552829,279.3051706308165,6.1,12.32
222,2612258.9781853384,1266234.6353399304,279.6641799563517,8.96,7.66
223,2612257.96535776,1266251.123408955,279.63436300174584,7.43,4.6
224,2612272.2715597255,1266248.683599375,281.34930620761685,7.4,4.85
225,2612342.4506063256,1266209.842706498,278.3479964850619,5.89,4.51
226,2612281.2422528076,1266235.4612873134,281.20124533582117,9.27,4.83
227,2612227.084634588,1266313.9814616747,277.916185383244,4.0,3.86
228,2612227.718143398,1266322.3435979516,277.5492061459674,5.37,3.99
229,2612310.720096257,1266287.691361851,279.26686631016076,9.15,4.99
230,2612337.537599061,1266305.5187762198,277.9102214452218,7.49,4.62
231,2612323.354972654,1266306.5794783356,279.2693437105596,9.32,4.86
232,2612320.649913605,1266319.3690380116,278.4036751152073,7.62,4.7
233,2612335.1131917643,1266320.1317551509,278.2165396627102,8.19,4.29
234,2612460.818306322,1266266.2220885227,276.2855927977195,9.89,14.59
235,2612388.7903304943,1266297.8466143527,277.9208757780331,10.35,8.26
236,2612414.7806098927,1266330.8745053445,276.3205044969099,8.17,8.91
237,2612229.211743375,1266329.7028730835,277.8406136680615,5.32,3.99
238,2612230.009389255,1266350.0828844712,277.3389845474621,3.14,6.0
239,2612229.4891891833,1266337.5111583013,278.2837966537965,4.6,4.17
240,2612260.16950919,1266345.481159506,277.16528834355745,7.34,4.38
241,2612270.7548988303,1266349.1060024614,277.18497854077197,6.95,4.4
242,2612232.376585045,1266370.0023130781,276.68110625273306,4.8,7.64
243,2612233.2234632545,1266388.876389775,276.3207412140584,5.72,6.03
244,2612267.200475465,1266373.4921410144,278.3921477087908,10.6,8.2
245,2612282.6024074606,1266367.5044516127,277.9709235993212,9.06,5.23
246,2612235.446626687,1266401.294362817,275.74326836581747,5.11,3.86
247,2612236.862263516,1266409.1043355847,276.32895270270274,5.77,4.41
248,2612284.7529169866,1266397.1661341889,277.09432631691465,9.03,8.43
249,2612269.549915385,1266412.2260356355,276.8318173719375,8.06,4.89
250,2612238.4007692286,1266417.0422448986,277.1885557299836,4.99,3.77
251,2612241.2097021323,1266425.0548510666,275.4750744680854,5.17,4.86
252,2612242.2552148583,1266432.6036933786,276.54219512195124,6.68,4.2
253,2612245.145298013,1266439.864260487,276.1190728476819,3.72,3.73
254,2612247.704612404,1266446.6280038753,275.1812984496123,4.05,3.67
255,2612287.2641718667,1266423.5659245702,275.9915858533202,9.63,8.76
256,2612309.6493062754,1266411.2878237427,276.6965621788271,10.22,5.7
257,2612327.579787841,1266423.0997163975,276.7218713711497,9.12,6.75
258,2612339.2827293477,1266432.4614358987,275.58927065527075,7.53,5.23
259,2612346.3563969373,1266326.024034252,277.16339043118796,7.81,4.35
260,2612343.200617005,1266338.048154526,277.72939410783835,8.35,4.41
261,2612356.010866124,1266338.6129127415,277.4617750213854,8.9,6.59
262,2612370.347101521,1266347.1105403902,277.5890283842799,8.97,4.44
263,2612360.101186495,1266354.6443830926,277.1600820448103,8.78,5.3
264,2612375.535257737,1266369.7706791877,276.35992722862323,7.87,4.51
265,2612388.789993127,1266374.1796358253,276.19572606504704,8.88,6.5
266,2612378.1562397233,1266382.7823696262,276.3678453796886,8.5,4.72
267,2612404.3625134244,1266370.4843770217,274.72764232008666,6.56,4.91
268,2612428.2773744855,1266334.4985555792,275.89924745062086,9.35,8.36
269,2612427.842531801,1266350.6236235783,275.3613094440724,7.29,6.47
270,2612458.5813004784,1266351.0800197923,274.54743546086297,7.9,14.42
271,2612433.2079861104,1266383.4646006941,275.4374305555557,5.02,3.58
272,2612463.2469359343,1266359.5746239538,275.37844011142096,2.81,3.61
273,2612445.714483878,1266374.7778172072,273.9735161290317,5.69,4.11
274,2612465.065025845,1266382.5590392477,274.4403667355366,7.5,4.96
275,2612369.5431539826,1266394.80408781,275.1027767470634,7.2,4.94
276,2612384.6413219245,1266390.721563461,276.4549319279753,9.23,5.31
277,2612395.5203125034,1266413.2517788478,274.9019230769229,3.31,3.58
278,2612402.0259466385,1266408.6429351966,275.3204320203298,4.86,4.08
279,2612353.5416872813,1266447.24831271,274.44048368953867,5.59,4.12
280,2612365.7055514655,1266436.648327205,274.32965073529414,5.31,3.87
281,2612359.0705140866,1266442.3110779424,275.5507131011606,5.01,3.92
282,2612379.4694152935,1266426.4052568306,274.2942786885245,6.11,5.92
283,2612389.5164124337,1266417.8258192085,274.9405084745763,5.96,3.78
284,2612413.418775892,1266399.4120715626,275.4941242937854,4.94,3.84
285,2612427.9886974846,1266389.3452100847,275.1942296918761,4.5,4.02
286,2612420.970095535,1266393.7232006362,274.70957006369474,6.03,3.84
287,2612408.8053205893,1266404.0756070954,276.15045020463845,5.71,3.92
288,2612426.27447643,1266414.177139372,275.3345594337314,9.28,6.07
289,2612433.33735724,1266404.9699468797,272.22576361221763,4.3,4.09
290,2612453.0186521485,1266416.671560392,272.8658579574914,6.75,5.52
291,2612467.4688954274,1266411.6740980458,274.30449673202617,8.04,4.53
292,2612415.696098998,1266422.8449038204,273.96092844319134,9.04,7.35
293,2612438.0945401406,1266430.2180696137,273.91748532289654,9.16,8.43
294,2612413.851725379,1266446.3446225773,272.1141337167504,4.99,4.71
295,2612423.559623729,1266440.8169009648,273.23763933262336,7.33,5.34
296,2612140.85086887,1266480.397308012,276.6609598976134,10.37,7.27
297,2612149.9455294786,1266464.4204334223,277.23126452189496,9.48,6.45
298,2612175.0504127676,1266449.6232476663,276.90238317757064,7.12,4.23
299,2612183.6841890756,1266455.2400000026,276.8673268133661,6.69,4.58
300,2612190.9367332733,1266460.2389487436,276.8256993918331,5.28,4.32
301,2612208.8957371647,1266456.8500856266,277.24027550260604,8.51,6.64
302,2612203.1823003017,1266467.2110999546,276.10693015474715,6.91,6.35
303,2612214.580091408,1266474.2297074932,275.8981901279704,5.73,4.42
304,2612108.3361661113,1266572.3916167615,273.7316890396799,6.96,8.38
305,2612120.0965780574,1266536.3687283178,276.419988925804,10.81,6.71
306,2612133.778068571,1266513.8802006717,277.73029264214057,10.75,5.58
307,2612145.835586308,1266550.0805840313,276.63054632064694,11.7,11.06
308,2612108.008780246,1266545.7118598777,275.07320564516033,7.71,4.82
309,2612164.1500695115,1266564.208101607,275.36023529411733,8.68,4.65
310,2612214.201924713,1266567.7093531287,275.0376193001066,7.23,8.88
311,2612117.282011661,1266589.350925241,276.02456425233765,10.16,8.36
312,2612129.6351284957,1266600.7838236587,274.25794195835334,8.34,6.38
313,2612127.952716219,1266618.8887162167,275.8007162162165,12.8,4.19
314,2612149.205917989,1266635.07124847,274.25069155446727,6.77,5.95
315,2612180.6899024067,1266580.80277057,276.21625054624536,9.97,7.61
316,2612185.9800075507,1266597.2862009034,274.97237915407817,7.28,4.31
317,2612190.9579858277,1266591.1349089118,274.77213562753053,6.62,4.03
318,2612164.3428714504,1266619.5589482463,274.3781803005007,5.73,3.76
319,2612170.2058333247,1266614.1028333285,274.7490289855061,7.11,4.16
320,2612158.997625138,1266624.829605964,274.32665601703934,5.87,4.28
321,2612201.413125869,1266619.8419847826,273.2194744121718,5.78,4.48
322,2612178.3980989023,1266605.5219120875,275.8425274725278,7.02,4.09
323,2612197.990192743,1266584.2990022663,275.6917573696151,5.58,3.94
324,2612121.0582138435,1266664.433906063,275.2472620519155,9.2,6.4
325,2612132.846074847,1266652.0845921275,273.70734165067245,7.18,6.13
326,2612141.526260781,1266643.0572844842,274.077877155172,6.5,4.07
327,2612156.204232788,1266662.3296074138,274.2730246060274,7.84,6.31
328,2612205.0032564327,1266641.2501019242,274.2799248927042,7.45,4.62
329,2612201.9594042576,1266674.1887200798,275.4212044745056,10.38,5.75
330,2612223.296677082,1266466.4196180557,277.29404166666706,7.96,6.47
331,2612232.6962400074,1266461.1999599992,277.2732499999998,5.43,4.28
332,2612222.1594928857,1266478.4067437681,275.08544483985725,5.16,4.35
333,2612249.4447330353,1266455.0476623382,276.4067099567099,4.05,4.21
334,2612252.416716738,1266462.389141632,275.5953433476396,4.57,3.55
335,2612260.856423038,1266485.193681382,274.8686097852028,7.2,7.41
336,2612254.0525263106,1266470.2603609015,275.5130375939857,4.7,3.98
337,2612229.0584422066,1266484.6243969821,275.7441331658294,5.25,4.13
338,2612237.161340316,1266490.1275078515,275.646335078534,5.18,4.25
339,2612245.455711497,1266494.5036842108,276.36352826510716,4.25,3.71
340,2612253.5348440236,1266499.7233448904,275.29747833622184,7.25,4.22
341,2612261.45427587,1266505.524436783,275.36910344827606,4.82,4.2
342,2612277.242701262,1266498.0875929769,274.6955905190022,6.39,6.93
343,2612289.8840683782,1266455.8344602345,275.7142374183633,8.54,5.13
344,2612334.724956532,1266460.5511594198,274.3682463768113,5.42,3.76
345,2612340.7422419954,1266455.6572597874,274.51549822064027,5.52,3.57
346,2612316.4370178543,1266474.7904821427,273.7908214285717,4.23,4.4
347,2612322.296738552,1266470.8014016151,274.6678840970349,5.5,3.95
348,2612290.2342391256,1266494.5374275364,274.39003623188415,3.97,3.57
349,2612303.5800323216,1266485.0046655885,274.8798061389345,7.24,7.44
350,2612316.0134667014,1266497.155757454,275.08759493670897,8.15,5.28
351,2612329.2745838473,1266481.9985434571,274.6621236230115,7.93,4.68
352,2612329.02746356,1266501.9910566127,274.48989349775684,7.92,5.88
353,2612237.006847896,1266544.7978979337,275.4433915603545,8.09,9.03
354,2612257.8602372264,1266522.8345346716,275.2252645985402,5.16,4.32
355,2612264.185674896,1266517.1212046437,275.2413642960814,4.23,4.29
356,2612252.3428571485,1266528.9937006815,275.7448979591838,4.95,4.02
357,2612245.7524757828,1266559.7561527134,275.3727254038205,9.23,7.4
358,2612340.1887012054,1266514.5074621523,275.0816772908372,8.67,4.82
359,2612347.084734575,1266450.788077474,274.8339741750356,5.57,3.82
360,2612373.8647041814,1266479.2923304464,274.0434415584418,6.99,4.31
361,2612365.900216678,1266495.0278047775,274.66720070037405,8.76,6.24
362,2612344.07517114,1266503.1333618565,274.0245721271394,6.91,4.59
363,2612354.759771682,1266507.6888910723,273.8304240052186,7.14,4.27
364,2612381.532808822,1266506.5590093785,274.91101100693015,8.74,5.11
365,2612429.8463291456,1266457.5368588734,273.59468921032055,7.8,6.93
366,2612450.4883159525,1266459.7902450515,273.6831699687175,7.46,5.22
367,2612447.964777362,1266479.4131775615,273.800095253605,9.55,9.34
368,2612476.0020399885,1266503.2176283768,273.87420977828157,9.05,9.13
369,2612464.3975475864,1266509.4255935107,272.90570548712213,6.68,4.84
370,2612355.3705633855,1266520.8392524375,274.28297399783276,7.61,4.73
371,2612368.9125984935,1266515.4047321824,274.69529880478063,8.07,4.94
372,2612350.2239325223,1266531.0136774953,275.41978609625613,9.02,4.91
373,2612372.0984723214,1266538.547904275,276.2218709209577,6.58,7.78
374,2612391.4722777978,1266523.4734298561,275.2101331681696,10.07,7.12
375,2612379.1741160587,1266549.4551821866,275.94591093117396,5.82,4.11
376,2612384.2556173475,1266543.7225695187,275.54187986651834,7.1,4.07
377,2612405.1898506647,1266544.6145777474,273.7295211122555,7.38,4.82
378,2612408.2643679883,1266570.6820992017,275.88778239999994,6.35,7.21
379,2612433.7690950474,1266558.94393389,274.4171942148753,7.81,5.61
380,2612407.1490747943,1266562.7993110197,276.81909448818925,6.95,4.74
381,2612230.640977247,1266580.4447203465,274.71785494775594,7.76,4.29
382,2612221.4955121516,1266625.0453447187,275.3822882468813,9.14,5.42
383,2612303.9125080192,1266581.0422297532,275.2624545130225,8.93,5.23
384,2612300.387683887,1266598.318931372,277.15705790297335,12.27,6.23
385,2612318.765797184,1266624.948441031,278.1391415094331,13.48,5.57
386,2612340.101210592,1266632.4980928726,275.41012271973466,10.15,5.23
387,2612256.3133942788,1266655.2791257063,273.8297600000001,6.7,4.82
388,2612243.4522959804,1266679.5552323346,274.5131862553691,8.5,4.93
389,2612229.3536754046,1266688.6547493984,274.21681980906965,7.93,4.57
390,2612280.6720813154,1266651.3668628691,274.5232402912618,7.67,4.37
391,2612343.377927031,1266611.437407413,274.7230182421236,7.78,4.86
392,2612432.076281468,1266592.5611480363,276.7196223564955,11.5,5.56
393,2612442.60662275,1266586.0718346236,276.6611369509043,12.35,5.31
394,2612458.6251960327,1266596.3520392103,275.2219397308363,10.71,5.33
395,2612440.8919904046,1266608.8761067234,273.7216798418969,8.83,5.65
396,2612458.986484273,1266611.7363784034,274.8415670195334,10.3,7.33
397,2612458.7107150555,1266623.7812712193,275.86891296496935,10.28,5.15
398,2612414.9093313063,1266581.466362717,276.3236068895651,4.6,4.2
399,2612420.921334554,1266576.3722577654,276.54418647166386,6.51,4.15
400,2612352.651492063,1266656.8608854814,275.226829353321,10.41,6.97
401,2612365.9179818453,1266674.3814301316,275.2007658802174,9.62,5.08
402,2612463.348410328,1266687.1204580488,277.8480408006167,9.26,5.13
403,2612560.1762453676,1266226.8884286927,274.8124537432386,8.86,5.36
404,2612538.346811121,1266200.55196111,276.4861722222221,8.61,4.65
405,2612545.343895102,1266208.8927944943,276.04389939810807,8.07,4.86
406,2612554.1972537297,1266201.4394669498,275.85695522388085,8.59,5.27
407,2612552.217611871,1266217.0148765414,274.79852623456856,7.7,5.12
408,2612571.264799569,1266230.4188802857,274.98203076400756,9.6,11.27
409,2612579.851020413,1266251.0274206398,274.51184240362795,8.57,4.56
410,2612589.241817566,1266245.164564049,274.24022132796836,7.85,5.48
411,2612501.7098939097,1266294.0081388655,273.31683060109214,5.66,6.32
412,2612499.201443093,1266320.2840148024,274.2292784458826,5.63,4.48
413,2612512.3661048114,1266307.2355001844,273.59107365335296,6.79,6.28
414,2612506.948342803,1266315.0053234994,273.49544267877326,6.32,4.96
415,2612520.8687029257,1266314.5871478387,274.43846582984645,5.96,5.64
416,2612529.6646960457,1266308.19911854,273.0615045592706,3.87,3.98
417,2612548.2447023937,1266293.4152441868,273.9922605875597,7.2,9.79
418,2612573.444599464,1266272.7917571072,274.7136821705427,4.3,4.02
419,2612582.085213998,1266266.8108365769,273.52813229571984,3.76,3.61
420,2612567.361559991,1266278.885919999,274.03798666666705,4.82,4.08
421,2612587.8038103166,1266262.077420965,274.77823627287813,5.8,3.73
422,2612586.6589909936,1266304.2935675692,271.6627567567565,3.72,4.86
423,2612605.76930317,1266202.3159474335,274.81713019559845,7.54,6.72
424,2612617.606357941,1266202.1015250783,275.4550626740945,8.33,4.85
425,2612644.0216809534,1266219.2134410054,273.3432102834549,6.33,4.58
426,2612652.817184919,1266210.312159087,273.5012500000006,6.88,6.24
427,2612637.158222993,1266224.123449477,273.54609756097557,4.34,3.66
428,2612631.1308426037,1266228.1444515102,273.06022257551643,4.98,3.73
429,2612605.4971503597,1266248.0058391595,273.63655594405583,4.47,3.67
430,2612619.150568714,1266238.1658767774,274.8580884676143,4.36,3.69
431,2612625.496805679,1266232.7225199593,273.83465838509363,6.51,4.14
432,2612600.296310687,1266253.4572427187,274.15475728155354,4.88,3.5
433,2612594.420236963,1266258.2231990525,274.1458530805687,3.25,3.47
434,2612612.4075322547,1266243.9583870983,274.6172096774194,3.81,3.86
435,2612657.823669283,1266255.941285754,274.55755603067047,9.21,9.59
436,2612667.09188376,1266224.7735651315,273.5230721328489,7.66,5.07
437,2612661.3157464885,1266203.9850000013,273.1020422535213,5.34,4.16
438,2612716.3953348044,1266215.9572548973,274.3266370699229,8.52,5.13
439,2612693.6437338493,1266247.301564078,274.11672812675295,9.72,9.41
440,2612610.4742717403,1266289.6509608023,275.158782594256,9.38,9.72
441,2612633.652627119,1266279.2600322794,272.3431880548841,5.86,5.8
442,2612657.1486261394,1266333.5828698056,274.730813101568,10.72,11.47
443,2612693.3927115453,1266283.873636361,273.2640653286107,6.12,6.24
444,2612710.083901434,1266285.3701580053,273.1812528216699,7.15,5.27
445,2612716.342254792,1266307.0923788007,275.16792934986796,8.98,5.24
446,2612504.910950712,1266328.1575707784,274.7745333799382,7.18,7.26
447,2612489.0612640977,1266339.8996617221,273.65209495548925,5.03,5.74
448,2612480.9384602876,1266347.1201296574,274.1347974068072,5.31,3.7
449,2612475.12584055,1266350.9160831901,274.5031369150782,3.74,3.89
450,2612469.034006118,1266356.3390519863,274.7403058103978,4.05,3.29
451,2612513.456028738,1266373.485569843,274.81114725163854,8.78,6.18
452,2612526.782350652,1266371.9769452342,275.1598008534866,9.87,4.94
453,2612528.4594050236,1266387.0920988435,273.40334504567915,7.19,6.82
454,2612565.7753380532,1266332.3976810148,274.2368426252629,8.98,7.32
455,2612546.39149317,1266349.8415671748,275.15500082223554,8.95,7.33
456,2612564.1636046446,1266346.3735963497,273.6305398671091,6.69,4.07
457,2612534.4169118335,1266359.2783720929,274.55658193618143,9.04,4.77
458,2612552.7833878836,1266361.3096650166,274.4093300342599,9.42,5.01
459,2612585.4120265134,1266362.3246527722,274.0131376262625,7.6,4.71
460,2612592.7235510834,1266377.698634575,272.95913064832996,6.73,5.02
461,2612472.2293372615,1266390.763222384,275.85601472754087,10.46,5.36
462,2612477.824537639,1266400.357401718,275.67199925121736,10.22,4.9
463,2612483.2873159545,1266432.480673063,274.4755999063585,8.78,8.79
464,2612552.9449647195,1266402.978673545,273.2268570308419,8.8,8.15
465,2612537.9516458604,1266403.7436615846,272.9590846047153,7.18,4.99
466,2612572.047533034,1266410.9547048425,272.2560881057268,4.9,4.99
467,2612564.2890759693,1266422.7361757813,274.1597978704212,8.82,6.72
468,2612576.316755756,1266423.9484187132,273.11160356347403,6.1,5.16
469,2612578.1589017026,1266436.8628170267,273.18774456521913,7.69,6.6
470,2612593.2726816367,1266447.0787516541,274.4482628797886,8.12,4.45
471,2612601.0568009904,1266353.3202388107,276.3876019900498,10.01,5.32
472,2612600.472899351,1266384.84627886,273.92525854108897,7.86,4.9
473,2612641.030846972,1266368.473039154,274.05151601423523,7.0,4.52
474,2612654.0185421943,1266376.1186636838,273.0616879795396,5.76,5.49
475,2612680.044492912,1266327.3274154847,274.9730915795951,9.03,5.24
476,2612661.181859334,1266352.9590006946,275.51838440111396,9.14,5.4
477,2612683.1694253804,1266368.7103703632,274.7190385946703,8.26,8.51
478,2612700.4674851606,1266388.7524816315,274.7543459251507,8.8,6.64
479,2612649.42723443,1266406.381717169,274.340846394984,9.1,4.96
480,2612602.257946293,1266447.1308055937,274.1799394856282,8.79,5.63
481,2612648.493655396,1266439.4185507244,270.7193075684384,2.5,5.25
482,2612720.305536187,1266395.7629758716,274.7204959785521,7.18,4.94
483,2612685.6394798816,1266446.2933347975,274.66762674825145,8.36,5.12
484,2612738.5277534593,1266214.233836617,273.8113384390964,7.17,5.52
485,2612759.3706566812,1266215.1762670828,274.85964742177146,8.18,4.64
486,2612752.9583838936,1266226.76523839,274.0546068111455,6.84,4.32
487,2612768.775921889,1266227.6986587797,275.09576504481504,8.32,5.33
488,2612762.6179534923,1266244.3081129533,273.76631893687664,6.29,4.56
489,2612777.4091729345,1266243.9234367094,274.2764912280709,6.47,5.81
490,2612796.7474273075,1266204.0647400897,276.47524229074924,6.69,4.46
491,2612813.320581003,1266204.0888100476,277.2504636871505,8.39,5.67
492,2612801.9077136177,1266218.9298383384,276.4066974595846,6.62,3.95
493,2612813.827584403,1266213.3611402847,276.7339159789946,7.22,4.63
494,2612842.2443530704,1266216.0067434162,276.13390899122726,7.21,5.17
495,2612801.9833019376,1266255.762930098,275.79162617749034,8.39,4.62
496,2612791.287510743,1266245.7854462387,273.83679032258084,5.97,4.81
497,2612813.5255978256,1266255.2707220418,277.0497709627338,9.93,4.94
498,2612816.1634270675,1266234.9483391948,276.08867311072,7.37,4.3
499,2612824.252876715,1266243.4589497726,275.78923896499236,6.93,4.26
500,2612832.154262095,1266235.5363422383,274.6359223918566,5.28,5.24
501,2612830.5961228157,1266259.165267917,275.05437086092684,6.92,4.5
502,2612728.9555839626,1266272.5324751365,274.8824808184146,9.94,5.46
503,2612734.7537380834,1266284.933027497,274.60777293765307,9.91,5.45
504,2612724.6241611294,1266303.6875513704,274.8876925351087,10.86,9.97
505,2612740.8712460957,1266321.7442402055,274.59858242583255,10.14,9.34
506,2612794.9567276994,1266272.5997605592,274.7298826291083,8.39,4.81
507,2612786.2964705825,1266262.8943870175,275.6408301264417,8.18,4.69
508,2612806.7911406285,1266289.9799416794,273.9362929358389,6.67,4.52
509,2612813.565003265,1266273.7166731884,274.0734898891064,6.5,4.37
510,2612821.2635761206,1266283.9173556468,274.86692257217857,7.55,4.43
511,2612832.673858794,1266284.188928787,275.13995130858194,7.61,4.47
512,2612801.340259071,1266306.3212780633,274.7770005757051,8.12,4.51
513,2612825.1283140606,1266298.181404443,274.8616046293397,9.24,5.27
514,2612840.2235563425,1266302.4515211366,273.83623943662053,5.78,5.14
515,2612857.610431321,1266207.8797345746,275.26310550763066,6.01,4.52
516,2612873.6804325166,1266218.859411762,277.22090954028795,9.69,5.77
517,2612883.568784611,1266203.1345897375,277.6177641025644,8.57,4.78
518,2612904.312513527,1266216.3539914114,278.2887423026662,10.96,6.87
519,2612887.8017647113,1266224.7981237255,276.35616632859967,7.86,4.56
520,2612871.245427735,1266235.5636763065,276.09839884393074,7.32,4.83
521,2612852.8135994957,1266255.2220278843,277.2039733840297,8.84,4.48
522,2612857.4860707587,1266247.0539168178,276.1828801986342,6.5,5.75
523,2612892.1433093124,1266239.3555135159,276.5736876876885,7.97,4.41
524,2612902.246879776,1266238.532408117,277.8373162327715,10.24,4.6
525,2612891.4754502443,1266255.0595787314,276.42913638757267,7.99,4.79
526,2612898.6848108764,1266249.9019179507,275.58909429941394,6.73,4.69
527,2612920.0686408905,1266217.2023254384,277.14981296758066,8.14,4.88
528,2612915.3377183937,1266225.0233556048,277.716639260021,9.25,4.37
529,2612912.1745811217,1266248.1648869622,277.77716755319176,8.75,4.28
530,2612939.0407480565,1266248.5445796216,277.26986303294234,9.49,11.34
531,2612847.189874936,1266267.5178839378,275.77771885942974,8.23,4.6
532,2612863.330300067,1266287.115560377,275.02428054952946,6.69,6.62
533,2612899.467012793,1266265.033739128,276.43962148337613,8.51,4.49
534,2612878.097437198,1266282.717060301,275.1391959798996,6.06,4.17
535,2612858.08067113,1266304.4671308745,275.8235570469794,9.01,4.96
536,2612847.135798431,1266320.2426308868,275.30642670157073,7.74,4.16
537,2612927.576816324,1266282.3350077923,276.6573807296533,8.79,6.11
538,2612967.001881968,1266271.1942852507,277.4064918032781,10.07,5.4
539,2612973.2156243143,1266284.8389980593,277.4113222246287,10.92,5.84
540,2612936.438206928,1266303.9952425193,276.8673830090155,10.8,8.63
541,2612909.7812339948,1266322.6563388752,276.094472895669,9.43,6.12
542,2612934.6366519285,1266322.9339080444,275.15700265252036,8.67,5.38
543,2612959.345150518,1266298.4189489791,277.2254234693862,11.31,5.45
544,2612956.392856338,1266312.0297804943,276.98799600912247,10.2,5.45
545,2612969.2792450367,1266310.8543475424,277.2486853237874,10.86,5.06
546,2612765.6127040233,1266350.4003653037,275.1021316022416,10.91,10.26
547,2612835.1086065313,1266332.4820352644,275.998803122289,10.03,5.45
548,2612810.0924318116,1266362.9107575738,273.42819696969764,7.48,5.17
549,2612785.1912189303,1266378.5528693344,275.6051462701143,11.4,6.08
550,2612802.1728594415,1266381.6361185622,274.38787911302086,9.27,8.88
551,2612817.122822499,1266378.602543471,274.4972788075657,8.54,6.52
552,2612732.6852910216,1266412.6116910197,275.8311161676631,10.03,6.38
553,2612720.431544018,1266418.5510272488,274.24821171312294,8.67,5.27
554,2612745.833194765,1266416.3804354712,275.2737688044339,8.87,5.04
555,2612780.2987152133,1266401.1736715802,274.59758592471326,8.98,6.69
556,2612732.968969962,1266428.4418359112,275.35455275229106,9.59,8.05
557,2612831.255213517,1266387.6636476945,274.35048932384314,9.92,5.17
558,2612884.3502450436,1266353.1552683713,275.7908693115525,7.57,4.86
559,2612896.088413529,1266365.8900870015,276.0510440122823,6.88,4.97
560,2612924.8295240924,1266334.998444978,275.503034252804,9.01,5.38
561,2612945.549757792,1266352.2437370254,275.7401730103805,3.02,3.99
562,2612953.8997400766,1266349.0725855003,275.8222708618332,2.99,4.06
563,2612961.513921843,1266345.7137047767,275.769392185239,3.17,4.1
564,2612968.9108599517,1266342.1718181816,275.661326781327,2.73,3.61
565,2612919.8500285237,1266363.93863118,275.53880228136916,3.61,5.63
566,2612930.130752072,1266359.6606685226,275.80616991643467,2.93,4.2
567,2612937.0440000035,1266356.6711287145,275.8293861386138,2.54,3.82
568,2612935.96768817,1266371.7393010734,275.0204121863798,2.38,4.21
569,2612928.271886793,1266374.7055471686,276.1363773584902,3.75,4.0
570,2612951.5181085886,1266364.5857092803,275.4306304728545,2.51,4.75
571,2612942.850021555,1266368.9750646532,275.08459051724134,2.29,3.9
572,2612958.5064489697,1266361.450204081,275.269006802721,3.74,4.51
573,2612965.8166522626,1266358.2514038882,275.1862419006479,2.24,4.03
574,2612468.996316173,1266455.4674092263,274.14694024205704,8.62,5.93
575,2612478.9654943077,1266467.5785182032,273.43099289252615,8.64,7.07
576,2612497.2093790486,1266453.2445467883,274.4055385520887,9.2,5.66
577,2612495.1208526934,1266469.3808865654,273.15591965522583,7.52,7.51
578,2612522.6327119665,1266477.430732362,274.4089569462931,9.44,7.19
579,2612483.464903358,1266494.346733243,273.072644974226,7.36,5.76
580,2612498.5715285945,1266497.3032787167,273.7909308924512,9.07,8.17
581,2612519.1687351065,1266504.2049205347,272.29672847682116,6.0,4.47
582,2612531.6779898815,1266508.2314472613,274.27003425457775,9.26,8.89
583,2612576.5063722287,1266453.997933326,272.6292777777774,6.05,5.33
584,2612568.598091353,1266468.359795863,273.734194947691,8.23,6.69
585,2612555.143202018,1266510.760852436,274.06939469913954,8.59,5.16
586,2612483.3836885574,1266521.3895021633,274.3396111911154,9.77,6.04
587,2612520.2867690874,1266518.79578212,273.73491620111685,6.85,4.18
588,2612528.6196471155,1266527.635633966,273.1364413875594,7.34,4.8
589,2612546.1837296854,1266540.3355985954,273.0001489707466,8.06,5.62
590,2612563.7965748874,1266527.7730284256,275.186524570751,9.97,5.39
591,2612576.7366344533,1266530.4500762608,274.3985460091509,8.31,4.75
592,2612562.246533749,1266553.4077990784,275.26856211656406,10.22,4.9
593,2612573.259594241,1266546.861422071,274.76354190367897,9.02,5.02
594,2612595.776480166,1266456.9200566537,273.29934135977277,6.97,4.34
595,2612605.395662287,1266468.226885443,274.05253579952296,7.89,4.45
596,2612623.8192004086,1266491.2003324656,274.46993359955866,10.44,11.24
597,2612650.4557230775,1266503.366938454,273.8667538461536,6.93,4.86
598,2612674.56849756,1266465.1892926814,275.5874097560979,9.77,4.83
599,2612663.5163607607,1266482.805077475,274.15602502979965,9.02,6.96
600,2612683.1382403383,1266473.3543133035,276.7284334763953,4.77,4.66
601,2612660.410581196,1266492.9051145336,273.0879179487174,7.14,5.72
602,2612629.8430102365,1266518.09103931,274.1362520193864,7.56,5.38
603,2612684.1028517582,1266555.0819765832,275.0188633081997,10.43,9.35
604,2612722.146224273,1266523.1512828511,274.5360850897733,10.28,7.51
605,2612702.1711297347,1266544.7688206048,274.86623507312606,11.69,7.45
606,2612710.5032486557,1266534.024516584,273.846859562456,8.97,6.28
607,2612715.7220598394,1266557.4715874968,273.9034890724465,9.81,9.09
608,2612480.44609901,1266612.3396732716,275.72078547854625,10.19,5.17
609,2612472.3315554415,1266619.1470951908,274.3623945044173,8.49,4.91
610,2612494.0722686984,1266607.7602312977,275.2768110236219,9.59,4.7
611,2612530.6827125135,1266588.0950536705,273.5149173194083,7.97,6.0
612,2612573.874306546,1266634.6972261588,274.84056643065355,9.12,5.09
613,2612582.7773093693,1266626.9873707301,274.20773006134976,9.15,5.33
614,2612510.0778987003,1266662.238917339,274.6904216162999,10.9,11.32
615,2612492.017929569,1266698.392974024,274.6009035930296,9.11,8.37
616,2612513.8089043717,1266705.8704297303,273.3217653890816,7.46,7.53
617,2612467.851365992,1266656.4673711357,274.91396907216506,2.01,3.94
618,2612553.414556492,1266651.8929567097,272.91708025343183,6.74,5.04
619,2612582.856981451,1266652.0967622253,274.51193929173684,8.74,3.85
620,2612582.7344878875,1266638.7490875192,274.2410148975786,7.6,3.94
621,2612565.9366649184,1266657.0529805652,275.21218487395026,10.3,5.6
622,2612592.361371565,1266664.4509421624,274.572283404901,9.93,5.71
623,2612577.811398554,1266670.3273888982,274.9056304347849,10.75,5.74
624,2612533.484223777,1266702.940624044,274.4061928243489,9.05,7.18
625,2612566.426044017,1266675.3557197216,274.72657677035073,10.28,6.73
626,2612608.268805306,1266604.3919800676,274.94077329708233,10.55,7.88
627,2612626.110457465,1266612.892382243,274.4057317309554,8.86,6.65
628,2612620.668480451,1266637.327487877,273.8569382476562,8.05,6.31
629,2612635.4355799938,1266631.8064999997,274.1671719999992,8.03,5.64
630,2612617.4418008,1266591.0492854002,275.54860598065073,10.88,6.53
631,2612654.988017457,1266585.6588902741,273.2467955112218,6.35,4.06
632,2612664.860804813,1266589.5878821006,274.09841510765875,9.28,5.38
633,2612681.882701346,1266598.6887071305,273.2684373795748,8.3,7.24
634,2612717.6448372747,1266589.087924896,274.35807510431334,9.61,5.5
635,2612664.6943039214,1266606.3660562143,273.3108036890644,8.04,4.99
636,2612696.458397829,1266640.7990255011,273.14053031998424,9.43,8.56
637,2612722.6726178015,1266608.7621709032,273.79235228122593,9.94,6.32
638,2612617.6691655335,1266648.6985262495,273.9297106325714,7.36,4.41
639,2612608.033197796,1266665.1135442255,273.7415588319494,8.38,8.01
640,2612626.2073019925,1266645.0074694068,272.77643915003233,6.34,4.43
641,2612638.2334631025,1266645.7339651673,273.1094774590165,7.42,5.35
642,2612641.019943372,1266654.6167064083,273.84053949329467,7.93,6.29
643,2612641.512866842,1266669.6329223225,271.83590628853256,5.65,4.69
644,2612617.0713367313,1266676.653066608,272.3473034227571,6.12,5.36
645,2612626.028660011,1266672.4727795392,273.1020733363502,6.79,5.34
646,2612646.254026559,1266680.669192642,272.96982370976025,8.45,6.57
647,2612664.1889904533,1266702.0030169322,273.5206610254682,9.73,9.28
648,2612702.7485608435,1266663.3203656576,273.03930123617465,8.62,7.51
649,2612704.312302338,1266700.3871231938,272.82084015604784,9.87,13.61
650,2612742.560614181,1266493.265083268,273.88743290548354,9.59,8.86
651,2612752.9849802027,1266511.9100056556,274.211629420087,9.19,7.57
652,2612772.3286579,1266498.0916241694,275.073970086326,10.75,7.77
653,2612801.6413560505,1266466.3829481178,276.17369182809824,11.71,6.21
654,2612790.485796925,1266476.7922657724,273.8405169839499,8.64,7.02
655,2612792.782895127,1266503.9862556655,273.54054064566117,7.72,8.12
656,2612764.812572943,1266550.2959726728,272.9252894858713,7.93,6.39
657,2612787.716299155,1266547.8556753823,274.793790907092,10.08,7.87
658,2612795.0859415904,1266577.4622713665,273.8543971631242,9.59,8.69
659,2612894.5471346714,1266458.4101719204,275.08618911174784,4.38,4.25
660,2612864.7264244263,1266525.25427035,273.3750639534892,8.41,6.05
661,2612864.5476261927,1266541.1902182887,272.90833560709444,6.89,4.48
662,2612931.1773385555,1266516.9855251166,273.84602087410315,7.65,4.48
663,2612921.7742282352,1266558.2773323758,274.0844365192589,10.17,5.54
664,2612970.574536534,1266569.7096930728,272.76594843462243,6.83,4.82
665,2612729.34083931,1266597.868851461,272.72230259525094,8.03,5.62
666,2612739.5623975326,1266616.2723584916,274.34882563435286,10.33,5.75
667,2612744.9538073526,1266631.011916693,273.95640416531046,9.39,5.94
668,2612829.0768458634,1266603.8412996365,273.6116843403218,9.42,5.76
669,2612839.751371521,1266598.6364218213,272.9868302346847,7.85,5.62
670,2612790.4490351463,1266630.7683818268,272.6949626825336,9.33,8.59
671,2612816.8985734275,1266628.2522170926,273.2617265248804,9.89,8.4
672,2612744.154755041,1266648.692845475,272.9055072236194,8.41,7.4
673,2612761.11972372,1266698.496063083,272.1410659356283,10.4,10.39
674,2612816.056556448,1266657.564082051,273.16323348752604,10.2,9.2
675,2612844.07741339,1266665.4398999254,273.4038876058509,9.2,4.94
676,2612869.9541115384,1266588.8338475842,273.4391022304858,8.58,6.9
677,2612940.5725549352,1266613.099024722,272.4226030219784,6.16,4.49
678,2612952.238943042,1266621.7963535984,272.65463565435033,7.93,8.61
679,2612954.8508341694,1266612.4046934643,272.2042512562813,5.73,4.15
680,2612964.4992059777,1266606.8847091137,272.53365566037746,6.48,4.39
681,2612950.4438515594,1266578.5239921855,272.8030078125001,7.09,4.24
682,2612961.3891534107,1266581.8204191579,272.9292793722878,6.88,7.57
683,2612948.956282062,1266605.2927972022,272.2370512820516,5.81,4.05
684,2612861.715039528,1266679.6968612967,272.84912034676285,9.61,7.53
685,2612894.0209429846,1266693.923896638,274.4627101277101,11.61,8.76
686,2612920.590025674,1266702.9648957723,273.03689544579584,9.36,7.33
687,2612992.2550810208,1266191.4159340295,278.10059425646904,9.95,5.57
688,2613018.516302335,1266181.4087171897,277.6603806115789,9.53,7.94
689,2613068.688604059,1266161.5427411154,269.8258883248733,1.3,4.79
690,2613040.384928195,1266185.8319450202,274.760213377104,6.71,5.31
691,2613101.26302628,1266178.981779871,268.61365339578515,3.67,10.85
692,2613112.0251702378,1266149.929999997,277.4576122316185,10.22,5.97
693,2613140.801549776,1266162.398792054,277.5220686393718,11.06,7.93
694,2613133.0020186906,1266198.7365560816,268.1860327102808,3.47,8.34
695,2613175.441248901,1266145.121305677,276.83221397379936,9.11,5.21
696,2613213.5733897,1266192.1743833718,275.1959408033815,8.9,4.39
697,2613327.137939117,1266005.6177868887,265.4927517564408,1.43,6.39
698,2613376.8191023394,1266067.2975242913,271.700668953687,7.36,4.57
699,2613385.2199934884,1266049.6916862035,270.15864583333325,5.85,5.34
700,2613395.0896993396,1266047.9141742897,270.1794989106766,7.43,5.42
701,2613388.796874213,1266059.151103983,271.89579268292664,9.29,5.23
702,2613423.977973686,1266044.7331315794,265.3783947368423,5.13,3.4
703,2613430.17134509,1266057.1042888034,268.04067099567135,8.55,5.44
704,2613464.1572476425,1266064.6665214247,265.3077632534492,6.29,4.36
705,2613473.177370012,1266063.9763978908,266.2150791258488,7.48,4.4
706,2613264.24459397,1266089.0446867757,277.977865429234,8.68,3.63
707,2613225.619690159,1266144.2523082828,274.75214562354745,8.49,4.45
708,2613337.675878699,1266203.2946275093,276.56498800274306,11.94,10.12
709,2613365.481301518,1266086.969399294,272.6222968197882,6.68,4.92
710,2613356.5308235907,1266098.8363434647,276.9396028037373,12.84,5.45
711,2613372.1026166645,1266097.1032583292,273.7146916666668,6.99,4.29
712,2613394.534836743,1266089.0730000008,270.6678367346936,5.74,4.19
713,2613384.79641966,1266093.7053744122,271.3342901716073,5.94,4.21
714,2613395.2026423393,1266098.1524817517,271.4224817518249,5.48,3.78
715,2613411.6378564807,1266119.9901005535,272.65404478976274,8.54,4.66
716,2613415.0741397096,1266090.8352930176,270.1023347398033,7.18,5.06
717,2613473.6936503253,1266090.69920851,267.055286473715,8.46,4.51
718,2613418.7764235465,1266111.401169573,272.9323730138066,9.89,5.71
719,2613430.9331364124,1266112.4159291084,269.6983029001072,5.82,4.04
720,2613437.5360963983,1266126.0112976723,269.8153707627131,6.89,4.74
721,2613404.161093003,1266157.6801289867,274.8042158859479,7.89,5.12
722,2613415.0275293575,1266160.935680034,274.72607876712215,8.91,6.62
723,2613369.317259804,1266177.7186159892,275.2792202729039,9.4,5.58
724,2613456.4125099294,1266147.1906092733,268.31483112582777,7.73,5.55
725,2613437.473380799,1266178.9622589757,272.0470661700283,9.48,6.23
726,2613445.53132834,1266198.0987859792,270.3318617790069,9.99,7.8
727,2613474.779189373,1266174.450587004,268.32855345911986,8.37,4.51
728,2613470.7288361164,1266188.2282816952,267.295438238891,8.18,7.39
729,2613494.1649766113,1266126.35492049,265.0210196445273,6.86,4.13
730,2613485.2109885924,1266187.607997468,265.3154309252224,6.28,4.67
731,2612977.4761517313,1266210.372178332,277.08426280797875,8.02,5.44
732,2612990.342697862,1266202.4497153992,276.19754385964876,7.26,5.35
733,2612983.394169353,1266236.4254700178,277.2101296596433,8.46,4.95
734,2613047.482980917,1266207.0304160302,277.02970992366437,8.85,5.43
735,2613056.1651211865,1266242.8972863336,276.5554672818299,10.33,11.49
736,2613039.8964901995,1266216.8399052315,277.48366666666647,9.54,5.42
737,2613091.846231978,1266220.3780955488,275.79184097267216,9.59,8.23
738,2613061.8729789006,1266232.7160946056,275.59486708365915,7.35,5.47
739,2613079.954838952,1266247.086885441,275.42750544926093,9.09,5.9
740,2612992.7124149557,1266290.5339713022,276.62712913677547,9.83,8.04
741,2612985.031863477,1266272.4403650856,276.61049206349264,9.01,5.76
742,2612997.0778519753,1266271.7388770748,276.0967375584851,8.38,5.61
743,2613009.611992908,1266281.2330409545,275.5777749113188,8.32,5.5
744,2613013.913197986,1266294.715231897,275.6286834844302,9.49,8.63
745,2612982.241179548,1266305.8238449052,275.6883251873571,9.69,5.19
746,2613027.282580473,1266299.0075012764,278.4909402146142,7.76,5.06
747,2613018.960696718,1266321.4997814216,275.37531420764986,3.74,4.02
748,2613027.8547651046,1266319.424295303,274.9670134228187,2.79,4.08
749,2613053.2151152487,1266283.0758736113,273.74153159851335,5.42,4.85
750,2613058.5926305843,1266270.3779421,275.6301573316552,8.7,5.31
751,2613042.2887830455,1266283.0466590668,273.7813947128533,6.59,5.63
752,2613078.555172182,1266270.534510471,274.9090006752193,8.82,5.36
753,2613098.2755100713,1266268.1298167426,274.9358704948058,9.35,5.5
754,2613096.810457228,1266280.5798053376,275.0839837030331,7.36,4.97
755,2613058.3919747234,1266306.401311218,275.38459715639806,2.91,4.15
756,2613051.0559090995,1266310.236983472,275.33537190082603,3.02,4.15
757,2613077.4603867014,1266300.1224423342,275.16303256445025,4.29,5.68
758,2613065.8708695676,1266305.1839130425,274.87963768115964,3.02,3.73
759,2613087.945892866,1266296.6202747251,275.2101510989011,3.73,4.19
760,2613095.421729228,1266293.6082841812,274.918806970509,3.85,4.07
761,2613071.2734504803,1266317.285207669,274.582428115016,2.13,3.55
762,2613078.7970597986,1266314.1625747515,274.6093355481729,3.37,4.59
763,2613084.7933012033,1266311.318578313,274.6661204819277,3.24,3.73
764,2613091.967145183,1266308.7809787905,274.49623164763443,3.06,3.91
765,2613149.1639285698,1266210.1497058815,268.35886554621874,1.57,4.91
766,2613111.3903674223,1266261.1052988041,274.8387605135015,8.39,5.25
767,2613163.7694925345,1266202.2153422502,275.38988591660114,7.8,5.7
768,2613177.9051357233,1266231.4208550497,273.74463355048835,6.73,6.27
769,2613216.7095749513,1266223.0040156604,276.85658277404934,10.46,5.26
770,2613127.6537030917,1266268.506985045,274.29704948216414,8.23,6.31
771,2613111.5097732698,1266275.5943854332,273.9137529832936,6.73,4.61
772,2613112.3144935635,1266287.9596132603,275.0763904235727,3.03,4.18
773,2613118.5428531864,1266285.0425207757,275.12614958448745,1.78,3.85
774,2613126.0789869274,1266282.9912745112,274.94212418300623,1.41,3.65
775,2613141.4300639685,1266271.1931734122,275.03563610518904,7.13,6.54
776,2613157.280871482,1266270.5943869993,274.6810487444612,4.3,3.98
777,2613149.8904677313,1266275.8745967748,275.5905161290324,2.89,4.16
778,2613131.8893103334,1266279.8231178157,275.0214655172418,3.89,4.03
779,2613136.980557219,1266293.0857657646,275.3203370036706,4.6,7.84
780,2613152.7726271097,1266286.7014043587,275.9959443099278,3.58,4.3
781,2613100.661841581,1266305.8157821782,274.0673861386138,2.4,3.97
782,2613103.526314098,1266291.5287179507,274.5068269230768,2.01,3.62
783,2613108.1733918064,1266303.5845906448,273.9159356725145,2.61,3.75
784,2613119.1763144955,1266300.1945536463,275.2436117936115,3.09,6.1
785,2613166.391189884,1266266.725594938,275.60846835442993,5.05,4.18
786,2612983.6340506338,1266350.3151265823,275.4837613019894,3.12,6.23
787,2612996.674870181,1266345.0949409911,274.8145082612122,4.34,5.85
788,2612978.97333334,1266338.2237669374,275.37490514905136,1.8,3.73
789,2612987.0731935045,1266333.7396481733,277.0080108254399,5.17,3.81
790,2612996.4404313806,1266330.4497777782,275.87850980392125,4.4,4.11
791,2613015.4931610343,1266336.9367793247,274.4534194831012,3.41,3.94
792,2613011.5460317465,1266324.790423281,274.48685185185155,2.53,3.7
793,2613024.336034887,1266333.400465116,276.2183255813957,4.78,3.81
794,2613008.5358980023,1266339.9482261646,275.7630376940136,3.67,3.63
795,2612973.5438311747,1266354.789567101,275.282142857143,1.91,4.0
796,2613042.5487865605,1266326.7537919818,275.46429035752965,2.64,5.68
797,2613054.004125746,1266322.7455009827,275.9043025540275,2.84,3.73
798,2613278.68420255,1266272.3830303072,268.06356459330135,1.56,8.01
799,2613278.7846376807,1266287.0096231883,268.35385507246394,1.39,4.67
800,2613324.603304512,1266298.8533339412,276.7852051517909,11.53,6.28
801,2613374.053587457,1266248.0518651758,276.6225312629183,11.25,14.42
802,2613383.1688385075,1266247.30728719,275.60604614160695,7.49,4.08
803,2613413.1202639383,1266251.0035850387,272.57184750733165,7.9,5.36
804,2613427.897891436,1266229.039122763,272.98006415792884,11.98,8.21
805,2613423.826049201,1266211.707352089,273.6285552847324,9.71,6.67
806,2613472.933318722,1266208.0095817957,267.92763575042204,10.11,5.06
807,2613461.0266921404,1266215.541810854,269.7343506091279,9.94,6.84
808,2613448.223795478,1266224.4154584669,269.808960822454,11.16,7.6
809,2613443.7943114894,1266247.172774395,268.59935975609716,7.67,6.41
810,2613427.1350770164,1266256.4564655572,271.7495900405357,11.35,7.96
811,2613463.8894630894,1266233.136046984,268.7861543624163,10.33,5.48
812,2613466.358586896,1266247.8410617486,267.47562915956985,10.77,7.46
813,2613455.6733803838,1266259.9957019673,266.3820470588233,5.98,4.21
814,2613407.1429221905,1266269.7166344605,273.41344044455315,9.56,7.91
815,2613411.1569567486,1266314.2125697643,272.80788371332426,18.47,17.3
816,2613433.4468571395,1266271.9652600714,268.87388644688514,6.52,5.82
817,2613449.501172031,1266280.2865225803,268.5278509927916,9.3,6.84
818,2613472.7417883542,1266267.8314266512,266.3535097119892,8.02,4.37
819,2613462.1045162356,1266283.6895853488,266.91167242570754,9.81,5.21
820,2613473.8988667596,1266298.3486784906,266.03669895814295,9.41,7.39
821,2613434.095993117,1266326.4596309024,268.48333437597756,6.58,6.5
822,2613455.26432359,1266304.2970879544,267.61265324794,11.12,7.99
823,2613390.306830985,1266374.6124366182,273.0270281690139,4.05,5.8
824,2613461.897276255,1266338.903866122,268.1072168324023,9.01,8.24
825,2613460.362221869,1266423.2105765017,272.9542723589898,11.36,5.15
826,2613162.7176270327,1266509.741487683,273.6756836039812,8.0,4.64
827,2613171.8785532317,1266511.666760055,272.9010494141625,7.03,4.92
828,2613145.4658129197,1266525.001975525,274.38603146853194,8.62,5.08
829,2613163.3590582064,1266521.4947743593,273.5824068018314,7.54,4.52
830,2613213.41046422,1266562.4788136762,274.031669890393,8.62,4.45
831,2612979.235726079,1266624.9091914208,272.5965429042902,7.28,4.26
832,2612988.4832731835,1266623.0304258363,274.772389029231,10.0,5.27
833,2612975.4914241666,1266582.7321886483,273.4617632552407,7.52,4.64
834,2612975.351731348,1266613.975985074,272.4622089552241,6.21,3.39
835,2613263.0792190367,1266531.7835098712,271.84328545780966,6.3,4.94
836,2613241.1084043565,1266551.2837788523,272.5477389211403,7.93,7.41
837,2613254.704962688,1266580.7342332865,272.7297013996871,8.57,7.27
838,2613467.134954467,1266454.5932058282,271.29264116575587,3.57,3.81
839,2613469.8263231358,1266473.3862925186,271.789054421768,8.58,5.46
840,2613439.9458883204,1266510.9564974618,271.0104906937395,5.19,3.69
841,2613456.684789153,1266493.1205120464,272.0611445783133,6.6,4.21
842,2613463.0299626812,1266509.1046268668,270.6930472636817,6.02,4.21
843,2613464.857939031,1266541.3754498689,270.62519098540986,20.95,21.46
844,2613355.095454226,1266569.9429452037,273.62640591204126,9.88,5.74
845,2613381.5384237524,1266561.25040488,272.02636006289254,7.21,5.51
846,2613365.371483307,1266575.7425216322,273.09700865265785,5.93,4.0
847,2613400.135078132,1266545.1729017855,273.4526785714289,8.09,4.06
848,2613400.6491736774,1266658.848078117,265.7367737369177,21.02,25.32
849,2613445.1447829353,1266576.210329342,265.9937238023955,9.22,5.34
850,2613420.456897259,1266528.0847808227,273.39210273972645,7.09,4.32
851,2613450.857232603,1266518.8244029428,271.35475382003443,7.99,7.03
852,2613251.7215153216,1266627.3921049617,272.6296108490572,7.68,4.64
853,2613256.1143542496,1266636.0502890488,272.02380688806795,6.85,4.47
854,2613263.605420777,1266630.8588703529,270.8273995451102,5.5,4.76
855,2613246.1598318587,1266600.9801323027,272.5366703417866,7.76,6.31
856,2613309.7181509067,1266643.430721498,272.28650587507747,7.84,7.88
857,2613270.977379125,1266820.4129750284,272.0910174131221,22.43,32.45
858,2613236.6438303585,1266692.793098421,271.70375123639906,8.95,5.92
859,2613248.8604200715,1266698.3218493874,272.42734118852405,7.66,4.78
860,2613259.766999355,1266687.5265541396,273.4661108280243,10.61,9.63
861,2613271.9407731,1266674.853724376,274.19439327731186,10.5,5.33
862,2613222.0240693414,1266705.818155827,273.67146917808157,11.72,8.48
863,2613321.336983296,1266645.6672015407,273.48427471116776,4.08,4.27
864,2613371.259951138,1266640.5998839738,263.39874198473234,9.95,5.61
865,2613394.127687379,1266632.0559368888,262.22619822485166,7.68,5.08
866,2613349.75809365,1266589.1134046828,273.13626086956526,8.42,4.2
867,2613420.164093888,1266626.6382271457,261.93288234436295,9.14,7.24
868,2613459.3470969703,1266619.413586263,261.8255116498732,8.83,7.7
869,2613476.610555132,1266624.331076557,263.2124435916087,10.65,10.15
870,2613383.4123536837,1266670.2012661437,263.58875777387675,12.57,6.94
871,2613423.851771478,1266658.168947803,262.9260316481704,10.57,6.06
872,2613458.9424302587,1266655.3316813493,263.3303744493394,8.73,4.31
873,2613471.7850453462,1266650.9845347616,262.5825226738328,8.79,5.14
874,2613448.8182901307,1266656.5794650489,264.0310633409913,10.89,5.2
875,2613484.51464098,1266255.6980916895,267.7864982049162,11.2,7.54
876,2613479.021052634,1266276.8150140136,265.6672189349104,9.74,5.42
877,2613498.0881389715,1266337.6395533497,264.25899503722104,5.55,4.0
878,2613487.952045791,1266351.2321809346,267.9597447447444,9.54,5.32
879,2613497.2909927764,1266362.3217781975,262.96768143261176,9.21,9.09
880,2613498.3823052924,1266383.8271235677,261.7561474558671,1.44,6.69
881,2613498.131035773,1266417.3505514115,263.2433755588675,1.52,7.68
882,2613494.0609558835,1266431.5983088221,270.119926470588,6.09,4.28
883,2613483.371843135,1266444.6225882329,269.70804705882335,5.95,4.27
884,2613477.1243007,1266521.7039160847,268.08479020979,4.51,3.68
885,2613487.8266525073,1266628.449794756,261.60727530077855,5.75,4.74
886,2612115.503983856,1266709.9360715095,273.83049596308985,9.04,6.67
887,2612109.7489128127,1266702.3860000027,273.4122769230769,6.38,4.11
888,2612108.6795471604,1266730.5401617268,272.4815417789763,8.11,6.15
889,2612111.5257781628,1266762.081134996,272.4252192605329,6.61,4.13
890,2612107.0716507975,1266751.5012592592,272.2681693121692,6.03,3.99
891,2612132.4351118305,1266759.273431531,273.6815330060012,8.35,4.68
892,2612121.448467343,1266751.631331652,274.1318927973199,7.67,4.16
893,2612168.691620114,1266720.5356424598,270.2136033519553,2.48,4.54
894,2612199.2569178427,1266707.6350988261,274.03907350216207,9.23,5.38
895,2612191.306498989,1266721.312923185,272.8076342624076,6.45,4.45
896,2612204.675613271,1266729.9240115443,272.98974747474756,7.19,4.17
897,2612139.102940244,1266791.968448641,273.66193920335417,8.55,5.12
898,2612151.082360067,1266790.6690721118,271.9536157337365,6.92,4.82
899,2612107.8884865902,1266809.655795779,274.88735347746723,11.02,6.14
900,2612114.195151343,1266817.8342147432,272.61159337521445,7.52,4.61
901,2612145.8497218983,1266799.0784846817,272.9195232690127,7.8,4.59
902,2612144.448162729,1266814.3572703416,272.8831496062994,7.6,3.45
903,2612166.9550217274,1266813.5112973321,272.82765983860986,7.91,4.73
904,2612177.5977724614,1266821.0231006958,273.21230720203835,9.15,6.81
905,2612106.4446145985,1266854.8641886404,271.63647058823534,5.95,3.91
906,2612133.73264778,1266856.6097854245,270.75713765182076,5.53,5.78
907,2612107.224963413,1266888.933762194,273.2397926829264,8.45,5.11
908,2612146.127797718,1266860.818026104,271.89451060358965,6.4,4.27
909,2612156.2342663715,1266858.9864409333,272.00581640331046,6.7,4.44
910,2612166.2671852643,1266861.4618628433,272.4810337768684,7.2,3.83
911,2612153.619518618,1266870.2892105295,271.6206803594353,6.89,4.53
912,2612174.922188074,1266871.0992018364,272.2017981651375,7.37,5.82
913,2612184.3140111966,1266868.7080410444,270.94639303482495,6.01,5.36
914,2612198.08055944,1266873.890361306,272.0378321678317,6.71,3.86
915,2612206.215171876,1266884.3297992453,272.8613776662493,8.03,7.49
916,2612108.2924313634,1266918.9409954208,271.8067219679633,6.84,4.68
917,2612105.76468216,1266906.5835452268,272.66097799510965,8.01,4.51
918,2612113.8325993465,1266894.2107166145,273.96766123778434,8.78,5.27
919,2612133.9037548862,1266910.8702868307,270.85341590612757,7.65,4.32
920,2612146.2390347864,1266912.6857569797,272.4056393924561,8.49,4.73
921,2612110.5565810744,1266932.9201467396,272.3057153338219,7.1,4.28
922,2612116.2436336284,1266945.3575855803,272.70309909909906,8.04,4.64
923,2612121.117660699,1266923.3568190876,272.4854075546719,7.84,4.34
924,2612145.17605277,1266932.3906569409,272.0396462661428,7.48,4.68
925,2612124.502319819,1266939.9401756732,273.21620720720733,9.22,4.9
926,2612145.6984423036,1266952.532185203,272.4081269707805,9.17,8.77
927,2612163.1222329075,1266922.4168162353,271.75140491453,6.93,5.09
928,2612163.6361710774,1266940.1363747404,271.7903869653766,7.61,4.74
929,2612175.3114518193,1266948.9218397937,272.6640488110148,7.8,4.59
930,2612241.3319137995,1266705.2827586266,273.85521839080485,8.07,4.55
931,2612231.19628047,1266725.7244353136,275.1795705196179,10.67,5.74
932,2612255.110893533,1266708.0590066514,273.97073669201484,7.92,4.91
933,2612283.9195483527,1266728.8119687361,273.97754487550657,7.94,4.63
934,2612240.817955247,1266787.8731687253,276.38122170781946,12.42,5.54
935,2612274.8665837506,1266779.0803980106,273.25140132669947,6.65,4.29
936,2612285.283996891,1266784.826878381,273.172896979085,6.56,4.27
937,2612449.469923088,1266788.489707692,275.74543076923163,12.29,5.4
938,2612459.2188090864,1266803.4622559298,274.107713409716,10.99,6.63
939,2612452.3246349073,1266816.912574961,273.30351322751375,9.4,5.34
940,2612230.9646478877,1266839.1106259783,273.95771517996855,3.09,4.07
941,2612227.3292971253,1266850.2924600646,273.6117571884982,1.79,3.69
942,2612215.590436503,1266877.9957275135,273.9841402116402,6.54,3.98
943,2612235.456751651,1266882.5337346522,271.43690273843373,5.6,5.87
944,2612251.352000008,1266888.9547237633,270.0417071823206,4.72,5.13
945,2612238.842860217,1266894.5046514159,272.17001072577875,8.13,5.75
946,2612226.9697417542,1266890.3105738861,272.95989956958414,3.82,4.16
947,2612275.305194557,1266902.117859919,270.882947470817,5.97,4.11
948,2612274.3632460707,1266892.880157069,271.52527748691114,6.1,4.0
949,2612289.1825655205,1266897.1960551701,269.95220689655196,4.85,3.9
950,2612310.26329933,1266907.7525578626,270.0972695174579,6.01,5.39
951,2612318.4065551795,1266918.4343645475,270.97382943143816,5.23,3.68
952,2612341.0508408668,1266913.545543125,270.97045470949126,6.69,6.01
953,2612331.1566994986,1266920.2339988071,272.76144732915526,9.65,6.11
954,2612350.897271714,1266923.7500598794,272.2581586826348,9.03,6.58
955,2612355.578127332,1266916.0593508112,272.0642821473162,6.3,3.88
956,2612400.967909852,1266931.4852775538,273.4726404576813,12.93,13.77
957,2612434.1608218597,1266920.3425876896,272.0413522945365,9.43,6.98
958,2612469.2030073456,1266916.526161886,270.9852982184341,8.66,7.19
959,2612440.149581303,1266936.4841082564,271.29511637515606,8.45,7.99
960,2612463.3887044024,1266965.566101488,270.1022575717619,23.12,23.63
961,2612114.992069163,1266955.801596546,272.23216714697486,7.11,4.85
962,2612107.3646794893,1266972.4633608013,272.42343406593415,7.06,4.2
963,2612116.279592004,1266982.1204700656,272.9646474501117,8.29,4.96
964,2612126.7673034314,1266958.0657597636,272.74333333333317,8.4,4.71
965,2612130.7913513454,1266976.6415181856,273.3166766766771,9.38,5.48
966,2612120.778977975,1266969.922447978,272.182943696451,7.44,4.64
967,2612142.8463602783,1266975.239824911,272.82651178451357,8.39,5.47
968,2612130.474660104,1266995.7630738928,271.5969359605915,5.94,4.03
969,2612139.4552535354,1266988.304091064,273.70310796826533,9.64,5.15
970,2612164.747433643,1266958.423169755,273.48398347521277,10.04,5.77
971,2612181.171961624,1266968.7457865172,271.84752808988753,7.72,4.77
972,2612156.948429249,1266976.0393669596,274.3214556533515,10.37,5.47
973,2612178.0309885032,1266985.747218238,273.6287911170498,11.21,6.85
974,2612199.7890925314,1266957.12970943,272.3414662494404,10.72,6.69
975,2612212.5837317184,1266967.386285769,272.8214277911326,10.59,8.03
976,2612209.700677701,1266981.3356224822,272.6240160642575,8.11,4.89
977,2612199.405274231,1266979.1529846997,272.41112882653096,7.52,4.43
978,2612164.301123272,1266986.5030648948,275.5040630701071,12.92,5.35
979,2612155.405515736,1266997.2510966323,271.6460477741587,7.4,4.26
980,2612191.8736516614,1266987.90916378,272.25098960910447,7.77,4.73
981,2612186.796904285,1266996.606680243,275.221904276986,11.27,4.95
982,2612230.337964724,1266968.6649400005,273.388268430075,11.33,5.62
983,2612357.582027292,1267000.9360056212,256.43425531914795,10.46,9.7
984,2612520.6638087775,1266720.6859047755,273.9367305412882,8.19,6.95
985,2612534.4412636934,1266758.3620781004,274.2907007221206,9.8,8.68
986,2612568.780778541,1266744.9424595907,274.2398679956913,10.68,11.13
987,2612540.0019936548,1266742.7815106958,275.1055974984947,11.43,8.9
988,2612546.9846867034,1266769.8968097295,274.3027413488492,10.42,8.71
989,2612513.8643917516,1266788.2424066756,273.58278656126436,8.6,7.39
990,2612468.5327101597,1266813.1820610217,273.7920545277508,9.35,5.93
991,2612519.4585706154,1266807.7699544434,271.4524715261951,5.73,6.26
992,2612523.4956139363,1266825.7067296442,273.5729752066116,7.53,6.36
993,2612544.294024099,1266788.4372043554,273.42028128587833,7.06,4.88
994,2612553.4909532266,1266798.4988095805,273.59038934884643,11.12,8.95
995,2612582.0607078853,1266780.1351369624,273.93658529970264,9.35,5.97
996,2612560.126917509,1266809.6533212764,271.3132054992761,5.09,4.67
997,2612562.4149391977,1266819.4641341718,272.34505241090113,7.7,5.5
998,2612570.2813049075,1266810.6547946292,274.29753712480334,10.26,6.63
999,2612581.7066220385,1266827.2348721772,272.8296926354224,8.72,6.29
1000,2612640.348329806,1266709.8597839838,273.389088514226,8.98,6.67
1001,2612651.429856067,1266712.4641212185,272.4703409090917,7.1,4.1
1002,2612637.911460182,1266721.9403034127,273.3781542351463,8.55,4.65
1003,2612645.4519469086,1266729.4862184026,273.83214853734864,11.76,7.55
1004,2612642.788215921,1266753.9080196256,272.88160182264244,9.06,5.04
1005,2612654.443425313,1266751.796717413,271.8962892483348,6.79,4.11
1006,2612667.918674348,1266715.985195549,273.84550432276694,8.94,5.24
1007,2612678.951236746,1266717.5068326332,273.1438258914236,9.29,5.53
1008,2612663.668525506,1266747.9770899704,274.05031503735046,10.54,5.37
1009,2612686.6640353044,1266741.8392635472,272.9606208155809,8.48,4.83
1010,2612663.7029854017,1266760.7401180507,274.39334265299806,10.87,5.43
1011,2612624.846030999,1266802.2729340007,272.3556737616737,9.64,13.97
1012,2612649.204023799,1266766.2997620287,273.01026500811236,9.14,4.47
1013,2612669.8587921467,1266772.007712551,271.933454790823,9.19,9.66
1014,2612646.736541504,1266787.261877475,272.7125559947298,8.0,4.58
1015,2612653.8363426835,1266797.8435024323,272.7244353789781,9.68,8.0
1016,2612608.148764893,1266798.5782665208,272.00214517876515,6.51,3.99
1017,2612599.1673584864,1266824.6269478335,271.714628190899,6.33,4.32
1018,2612661.176321752,1266823.46379912,272.18539752711473,9.51,9.85
1019,2612656.4330401355,1266785.698389225,271.9295711929632,7.99,4.73
1020,2612695.514086292,1266769.2316511008,272.51169259489785,9.37,6.93
1021,2612705.183266115,1266796.5978842955,271.8411173553709,8.64,6.76
1022,2612701.3193156375,1266783.6896508357,271.70780027933,7.67,4.39
1023,2612702.620215709,1266820.7946919845,272.0085468984762,10.08,8.85
1024,2612533.1538378755,1266840.8321296363,273.1643745275885,10.42,8.1
1025,2612509.9043165436,1266871.1057624137,271.3811387962799,8.34,7.19
1026,2612566.7292690617,1266843.7869199389,274.44981667059517,11.17,10.67
1027,2612596.645150372,1266834.1921945366,273.6647465200214,10.89,7.33
1028,2612547.955497827,1266876.3907150056,271.4059705980612,7.17,8.42
1029,2612579.354191837,1266868.5474600308,271.00264653641136,6.18,4.51
1030,2612571.4030567147,1266883.5640663914,270.3665421853389,6.13,3.66
1031,2612589.5072883232,1266878.6719935695,270.89705251875716,5.22,4.09
1032,2612583.1930506947,1266889.4457779708,270.7029895104889,6.85,4.14
1033,2612579.535432301,1266881.384502447,269.95239804241425,4.88,3.72
1034,2612591.538755548,1266886.3071555574,270.12384444444484,5.46,4.29
1035,2612497.741899146,1266915.9992381984,269.6571781115881,5.78,3.99
1036,2612509.8391283904,1266917.5381051064,272.5283400982696,10.68,6.43
1037,2612547.6343934475,1266919.234024587,269.60145901639316,6.65,4.44
1038,2612574.7551424066,1266892.3720253168,271.2761234177216,5.61,3.76
1039,2612591.575096741,1266901.9371365446,271.0179823106692,7.85,4.64
1040,2612584.376155165,1266930.091867013,267.68531116794617,5.93,4.67
1041,2612624.279540397,1266841.4404494881,271.1009040404039,7.54,4.8
1042,2612600.682095731,1266855.9200324912,271.7937452337254,8.74,8.5
1043,2612657.7061319905,1266837.3939225264,271.75336298421814,8.56,6.55
1044,2612627.304678902,1266853.299065893,270.18508757297764,5.75,4.43
1045,2612649.2725792187,1266846.2429845207,271.5912896094331,7.56,4.37
1046,2612605.413795877,1266872.2753804792,270.16196060877337,5.85,4.23
1047,2612615.6526757395,1266871.4441723367,270.4260770975053,4.33,3.4
1048,2612597.468083913,1266876.1160699306,270.8880979020977,5.32,3.87
1049,2612600.226000002,1266884.0517831305,269.99465060240976,3.71,3.46
1050,2612609.726237943,1266881.9477170403,270.6770900321543,4.69,3.84
1051,2612617.703213365,1266879.3743059125,271.94350899742966,4.55,3.92
1052,2612634.597205507,1266873.1933834592,271.9653383458644,4.54,4.02
1053,2612636.0976265655,1266864.2903048417,270.44097985846355,6.83,5.79
1054,2612648.496346333,1266859.971378062,271.78189483227584,8.16,3.99
1055,2612641.7477568877,1266870.4673308274,270.5789348370929,6.37,4.16
1056,2612652.139479959,1266867.3112134323,270.6995557963168,6.59,4.1
1057,2612649.984342043,1266892.409269523,270.4315664556948,8.98,8.5
1058,2612680.5528861056,1266831.170362991,271.2774341637009,8.34,5.13
1059,2612665.2703918666,1266855.1959651674,272.0984179970973,5.06,3.64
1060,2612657.447035539,1266856.9879079135,271.53861066235834,5.92,4.31
1061,2612674.202207143,1266851.4566954381,271.2522194821206,5.6,3.88
1062,2612684.3140873085,1266848.4654232797,270.7342460317461,6.53,3.74
1063,2612686.156341462,1266857.1716615867,271.9698323170734,4.46,3.9
1064,2612708.500602519,1266839.8867266218,270.09871402877815,6.52,4.14
1065,2612694.57983566,1266853.2806194695,270.04012642225007,5.22,4.27
1066,2612692.4942910913,1266846.8539523226,270.58130489335036,6.42,3.79
1067,2612701.2445082976,1266843.9063346116,270.1694763729246,5.67,3.89
1068,2612711.5941939517,1266848.7004030244,272.21901763224105,4.81,4.21
1069,2612703.5454245275,1266850.9829559734,272.8457861635221,4.87,3.75
1070,2612669.1744086007,1266862.3416666647,271.5611827956993,3.27,3.93
1071,2612676.6073282473,1266860.388854962,270.58239185750625,5.17,3.86
1072,2612666.8289167485,1266884.1142254686,270.521284454245,9.78,5.99
1073,2612678.5176466512,1266890.8089046546,269.65644229105226,6.81,8.3
1074,2612705.2494318187,1266884.9405375868,269.95661713286677,6.97,5.31
1075,2612718.976942657,1266887.3321622366,271.6477006993004,10.49,5.48
1076,2612634.7535507064,1266919.996470281,270.2908776223765,8.29,7.23
1077,2612653.9950459506,1266924.5478984495,269.9147932509494,9.21,9.13
1078,2612678.369586323,1266912.336166575,269.9778599007168,7.09,4.66
1079,2612710.121510406,1266902.187175028,270.30608323133373,8.02,6.95
1080,2612717.6486493545,1266913.8592458437,269.1077886663829,6.47,5.53
1081,2612682.1515842928,1266930.5144233159,269.88133713561473,7.71,4.42
1082,2612679.8849511417,1266939.0163192195,269.4702605863201,6.54,4.36
1083,2612712.1739483476,1266931.5317428745,269.08007530930655,6.43,4.8
1084,2612694.9193146746,1266945.6276470576,269.58916619074813,7.33,4.57
1085,2612709.02423183,1266951.1121890438,269.11122383004925,7.68,8.13
1086,2612740.354754181,1266712.2554226608,272.34483870967773,9.25,8.56
1087,2612779.977215517,1266710.8533157576,271.46710625470945,8.03,5.05
1088,2612758.045842934,1266728.7747267124,272.0852240184763,9.86,7.41
1089,2612781.805064148,1266743.9455789018,271.60688196305114,9.28,7.23
1090,2612782.805838619,1266759.907078092,272.4205439548182,12.24,9.74
1091,2612803.636012037,1266758.3914276438,271.10352391270675,10.33,15.81
1092,2612785.9369292003,1266703.5468655578,270.0484089101033,5.11,4.45
1093,2612852.947643076,1266752.5217011517,272.35500214071743,10.18,9.18
1094,2612733.989614048,1266776.7356280822,272.0459448775668,10.0,10.43
1095,2612760.002893749,1266770.3001591195,272.041353829558,9.55,6.11
1096,2612771.1045805304,1266779.3620332673,272.0837613378671,10.14,8.46
1097,2612760.7707355884,1266822.4634890673,271.0393638170974,7.35,3.77
1098,2612750.754111117,1266825.6045308623,270.87262962962933,5.25,4.02
1099,2612777.4334108555,1266818.1886950913,270.8001162790698,6.2,3.85
1100,2612768.100920633,1266821.115793652,269.6448253968252,4.96,3.78
1101,2612779.8749801605,1266827.003849207,270.5318253968251,4.36,3.66
1102,2612804.9781771903,1266809.6024338086,270.0389613034623,5.61,4.1
1103,2612812.7949591666,1266807.8699883325,271.0505134189029,5.57,3.86
1104,2612795.840052082,1266820.8979687502,270.15601562500035,3.74,3.56
1105,2612795.0633100546,1266812.852094972,269.1718296089387,4.37,3.9
1106,2612785.779131008,1266816.512459893,269.8314572192515,5.59,3.79
1107,2612787.3839843855,1266824.3500312492,270.34618750000016,5.97,3.74
1108,2612807.0470380443,1266818.2076086968,271.34209239130445,3.44,3.45
1109,2612819.363624765,1266805.6478506366,271.1097814207655,5.2,3.72
1110,2612839.9609848363,1266807.392696968,271.9724242424244,4.03,3.96
1111,2612822.373654674,1266812.558892088,270.14877697841735,5.04,4.09
1112,2612815.179028564,1266815.5442571435,269.764571428571,4.99,3.93
1113,2612926.727884087,1266741.8717650943,272.48597297886084,9.63,6.68
1114,2612884.165958763,1266794.2509484545,272.7742680412372,3.54,3.79
1115,2612848.437806644,1266805.829336221,272.07382395382405,4.28,4.01
1116,2612874.593193646,1266796.523078036,272.61472543352585,4.76,3.93
1117,2612853.612638672,1266870.013037266,271.7131246440237,11.79,16.65
1118,2612866.874936292,1266817.4248103073,271.2738797423043,9.46,6.95
1119,2612884.729802302,1266808.6918478778,273.1336527718097,11.93,7.46
1120,2612937.2755489075,1266776.3442714566,271.9462674650701,3.0,4.03
1121,2612921.4581210185,1266782.0029936305,273.1321974522292,1.59,3.75
1122,2612944.400664063,1266774.0385937497,272.0558984375,4.01,3.76
1123,2612953.0753041743,1266771.6177946774,272.3726996197719,2.91,3.94
1124,2612953.743044559,1266791.7062745097,273.3830106951868,11.54,6.07
1125,2612914.407113793,1266813.1331373213,270.5449046408145,8.14,6.93
1126,2612742.388913038,1266829.5391304363,269.82868357487916,5.61,3.98
1127,2612744.0294451667,1266837.6115741925,271.7052645161291,5.91,4.15
1128,2612739.7035841946,1266861.8995783285,270.4053177159592,7.6,6.71
1129,2612762.9616005346,1266832.0037830693,269.14365079365064,4.58,4.03
1130,2612753.281007191,1266834.9799100712,269.6773381294964,5.21,3.87
1131,2612770.9565729634,1266829.4416465857,269.616813922356,5.12,4.04
1132,2612776.9384674467,1266845.844983353,270.81873843877105,9.87,9.12
1133,2612781.842881402,1266864.7443417122,269.9308003920295,7.03,5.76
1134,2612756.0104326243,1266883.9733307795,271.4578981623279,9.1,5.76
1135,2612798.3377913823,1266844.5687289834,270.85172128811564,8.43,6.84
1136,2612798.072602821,1266870.359765745,270.45608537220164,7.76,4.92
1137,2612794.2930522617,1266894.0882038702,270.53987583020495,7.89,5.97
1138,2612724.7959637237,1266924.357278912,270.8877828168309,8.61,6.94
1139,2612756.9610264846,1266915.1641012295,270.6994560075685,8.04,5.27
1140,2612727.054738001,1266951.9879483415,269.0837515375151,6.63,6.44
1141,2612766.998384142,1266943.985035939,270.19474101611024,8.46,7.44
1142,2612793.895891057,1266910.3583606514,270.43361184558404,7.54,4.62
1143,2612799.300468216,1266921.5298363136,271.3686562618954,8.29,6.15
1144,2612853.490475757,1266952.7829094424,270.91348752571275,11.04,14.13
1145,2612845.383036927,1266941.0852072376,270.6274227581013,7.27,4.31
1146,2612859.583371057,1266863.4046754038,270.5464979154254,7.72,4.51
1147,2612876.050537638,1266876.7503561827,270.4750672043002,7.47,4.58
1148,2612915.715402873,1266832.3211280224,270.4508325872868,6.93,5.81
1149,2612915.6829092517,1266843.4277313144,271.32850533807823,7.51,4.32
1150,2612918.807035441,1266913.4792319594,272.076250068729,11.17,18.46
1151,2612959.446015232,1266839.1945179927,270.75201470974434,8.38,6.0
1152,2612971.3729702975,1266931.0605825528,272.40712410776086,9.47,6.34
1153,2612970.424398601,1266953.4595903545,273.7441109819871,11.39,5.3
1154,2612469.411090816,1266998.0569048913,257.5934819989258,7.37,5.73
1155,2612499.2250823136,1266993.5875087692,259.80420512820416,8.77,7.34
1156,2612531.6301572,1266988.1929591524,261.52705087121706,11.51,11.98
1157,2612576.3674703217,1266959.3310410972,266.31315981735156,5.61,4.24
1158,2612597.5386378164,1266976.1188217464,265.99035456524206,9.97,11.35
1159,2612647.648250998,1266981.6948171724,265.10982574071033,13.97,12.4
1160,2612738.569786679,1266965.4008315222,270.33480626904645,8.34,4.98
1161,2612757.362594279,1266967.8596417005,269.87180738394585,9.22,8.98
1162,2612775.746696228,1266963.1151662914,270.28326681448635,6.97,4.82
1163,2612785.0324911596,1266981.601579901,271.4021291431836,9.35,9.59
1164,2612803.0343991686,1266982.1040469701,270.7687914364635,7.42,4.35
1165,2612802.2403978584,1266970.3481484281,270.1536801836265,6.64,4.43
1166,2612811.891589109,1266993.0832349597,271.2231933409005,7.57,5.81
1167,2612825.5119436984,1266996.8745370838,270.9930563075261,8.77,6.56
1168,2612835.1733539114,1267000.9986213988,265.61907407407415,1.42,5.27
1169,2612859.664811116,1266959.8993646253,270.19234688036636,8.03,6.28
1170,2612923.7055277126,1266987.175757388,272.11108621338616,13.04,17.17
1171,2612858.1550787804,1266992.201952145,271.32601400642193,9.63,7.54
1172,2613028.014427333,1266864.234631229,273.000242063562,16.12,27.68
1173,2613083.9725635364,1266744.8174690388,271.88060395394456,9.14,6.49
1174,2612986.393016685,1266774.5390893423,272.15062837505985,9.22,6.42
1175,2612976.750018775,1266791.3702722967,271.26073474178503,8.13,6.65
1176,2612986.2526263883,1266829.1568006752,272.00952335098674,8.85,5.98
1177,2613083.3997780522,1266783.0964326216,271.56896262740725,9.18,6.44
1178,2613097.9972445043,1266784.2572166873,271.2111587485516,8.02,6.85
1179,2613129.256517969,1266735.2060150756,273.019364502383,11.96,14.62
1180,2613106.220799536,1266757.8630290374,272.26863166268816,8.54,6.51
1181,2613155.0219874396,1266760.2989882196,273.0135988560159,11.28,11.23
1182,2613156.372313842,1266745.0554817203,272.2374005871353,10.08,5.45
1183,2613193.276142318,1266710.9115703392,273.1923309705564,10.92,5.53
1184,2613212.0806550584,1266721.6101779633,274.64787959106445,11.55,5.05
1185,2613170.1839769157,1266759.5659769173,270.0972461538463,5.47,4.52
1186,2613195.3125564856,1266765.3732444923,272.655713070598,10.48,8.12
1187,2613212.535736857,1266750.1432127112,271.89351773305646,9.8,8.84
1188,2613226.05371629,1266764.8538813978,272.48886626306626,10.54,7.19
1189,2613120.6459920728,1266768.763809826,272.21898573692687,9.61,7.26
1190,2613128.124257938,1266789.1978528074,273.8665552449246,12.06,9.9
1191,2613154.6401244854,1266783.7897285149,273.74942244509776,12.61,6.54
1192,2613146.4708084264,1266795.2705809816,272.70172375993536,9.9,5.41
1193,2613099.794015592,1266808.1080124776,271.2840624024958,8.25,5.56
1194,2613120.9754293165,1266818.925397646,273.1841971987059,12.75,8.72
1195,2613098.391024739,1266824.0793683727,270.84838780918733,7.55,4.92
1196,2613146.532013906,1266814.239729974,273.68927249144986,12.96,7.51
1197,2613180.308668299,1266777.1041151595,272.59373175058283,9.6,7.34
1198,2613165.7118010977,1266798.48491768,274.9057408947272,13.32,6.21
1199,2613200.844285482,1266785.8907412174,274.0064672735172,11.69,6.87
1200,2613213.400026713,1266774.3620948829,272.3963180755085,9.79,5.28
1201,2613215.304122119,1266797.1075279412,272.9672078168952,11.79,9.51
1202,2613175.388002906,1266809.11667873,272.42078871201176,8.9,4.64
1203,2613181.9625160526,1266802.168506883,273.46209550045705,12.59,6.59
1204,2613193.4217911437,1266802.0140681695,274.85949238578786,12.97,5.69
1205,2613168.452855125,1266826.880468444,272.1641761330368,10.38,7.42
1206,2613197.5905077015,1266828.2385904386,273.47791829809455,11.61,7.0
1207,2613227.2804750125,1266826.1552993972,274.34924889059386,13.22,10.23
1208,2612978.0974283,1266850.8875033576,271.71275127311884,10.82,7.32
1209,2612974.317409859,1266877.0200087938,271.8384388742307,8.74,4.95
1210,2613093.7941579684,1266839.3360374307,271.6531755641163,8.48,5.96
1211,2613075.8797364472,1266850.42275853,270.9848995983933,7.8,6.15
1212,2613086.5816894267,1266856.7587372127,270.8820364050051,7.65,4.5
1213,2613042.21295169,1266887.1258371961,271.54128391793597,6.69,4.58
1214,2613044.1467968035,1266877.4644103548,272.22144621514013,8.98,5.11
1215,2613058.6773888743,1266879.4879654949,275.2074044140522,12.36,7.14
1216,2613083.824902077,1266889.3852712081,273.26796940874124,12.69,13.41
1217,2612984.1523844604,1266945.6643427531,271.4705293853761,9.03,6.4
1218,2613075.0664158016,1266912.6830155202,272.8165406682414,9.98,7.38
1219,2613107.368111511,1266834.481786124,270.73893913538143,7.85,5.61
1220,2613121.1389005706,1266840.1200565945,271.52860953920754,7.94,4.14
1221,2613117.22890412,1266855.6792103152,272.93621541767334,10.23,5.58
1222,2613129.134135707,1266849.8747165585,272.4213459927402,9.61,5.5
1223,2613139.552476311,1266828.9635900408,271.0112500000003,7.73,4.33
1224,2613150.366873357,1266841.7676959299,272.543626023026,10.76,7.27
1225,2613160.5715146572,1266858.0352824596,272.4220812182759,9.78,6.97
1226,2613107.8200534205,1266864.3607477727,270.40583382789345,6.79,4.76
1227,2613128.210414073,1266878.8386300062,272.8449687125539,12.1,7.26
1228,2613138.782561085,1266862.145278596,271.58503095470786,9.45,5.21
1229,2613155.2574751964,1266869.878013056,274.6243107049611,13.43,5.29
1230,2613159.8564876895,1266890.3522406907,271.27185837765654,9.14,6.99
1231,2613187.21486663,1266857.6008203677,271.9558048021321,8.77,6.88
1232,2613204.581123175,1266850.5728620777,273.9933533210327,11.82,5.67
1233,2613216.27825293,1266844.887398962,273.2197913950455,8.48,4.55
1234,2613172.7815947835,1266864.8498928172,272.3228000000004,9.62,5.66
1235,2613184.030508483,1266869.5470715666,272.7252197112363,10.68,5.3
1236,2613175.3048919113,1266890.1147920038,274.52125703905415,18.26,5.56
1237,2613189.748980494,1266880.782063465,271.39260232820135,9.01,6.87
1238,2613203.54435378,1266874.3757390948,272.81936995153444,9.61,4.73
1239,2613218.0174688683,1266864.599452649,273.1816420503904,10.75,5.43
1240,2613216.923799554,1266889.3405091849,273.26636158556187,11.12,5.27
1241,2613116.473639688,1266897.1204200757,274.1006738088514,11.55,5.77
1242,2613124.967980597,1266904.8145149914,271.51869488536124,7.63,4.11
1243,2613136.419213385,1266896.2073364465,270.53239096573225,6.67,4.25
1244,2613134.1603944288,1266920.7529474087,272.0075949598237,9.01,6.73
1245,2613150.000908109,1266908.5961011394,271.19453507341,7.34,4.62
1246,2613151.7989974534,1266929.1228037367,270.5291928632117,6.39,4.32
1247,2613155.2629932486,1266948.4795784408,274.49888739172326,12.39,6.14
1248,2613179.5870639845,1266906.6615727288,274.74588347296157,11.44,5.26
1249,2613165.958051334,1266918.8281978162,273.48052350670133,11.91,7.55
1250,2613200.492740291,1266897.18266774,272.3640580294173,10.66,6.35
1251,2613195.972436894,1266917.5773163238,272.68009534492404,9.95,5.77
1252,2613206.2030730676,1266919.1682482501,272.7148348348347,7.75,4.35
1253,2613242.448775678,1266715.8949453072,272.2638054116285,10.58,6.65
1254,2613249.192090631,1266733.4710019513,274.08239190370256,17.4,9.34
1255,2613284.2115625064,1266725.2071224048,271.7038997395828,8.09,4.29
1256,2613243.7671579868,1266756.0864582688,272.4697939224568,11.44,7.98
1257,2613288.5783137847,1266715.6203059484,271.6800320170757,8.21,5.29
1258,2613297.0799196837,1266739.3993574288,271.76796519411033,6.58,4.1
1259,2613245.408535675,1266772.3899814652,271.7368303985171,7.98,4.8
1260,2613268.864770749,1266800.3991598396,272.7918342613856,10.75,7.15
1261,2613227.7802978,1266806.9971837746,272.92240782756636,10.33,5.4
1262,2613251.2149994057,1266816.4301898398,274.7803881899577,17.29,9.26
1263,2613335.911086607,1266815.3900351543,259.5254298497921,8.54,5.58
1264,2613375.628034559,1266764.029071274,257.4543196544275,1.1,5.32
1265,2613351.8080416466,1266788.2957377082,260.96352680549404,8.72,5.2
1266,2613225.5793589274,1266844.2686909798,271.52935508637336,7.73,5.21
1267,2613251.11081947,1266839.6912590747,276.8466538625696,11.02,5.23
1268,2613241.5004553017,1266848.6074189893,272.6402793296083,9.61,5.6
1269,2613231.2936435416,1266863.9283633674,274.0267736361401,11.53,5.5
1270,2613225.2670467347,1266880.1246915895,274.5821962616825,11.13,5.32
1271,2613386.00614988,1266839.3993607545,256.89002204261584,2.21,7.73
1272,2613362.2501439876,1266875.340929318,256.3911910994766,3.49,4.32
1273,2613363.350780491,1266884.7675772377,256.5457723577236,3.61,4.29
1274,2613469.391243655,1266888.0470050771,256.8056345177664,7.07,4.13
1275,2613363.546739755,1266893.1700476625,256.9009437559577,4.47,4.87
1276,2613363.0265056374,1266902.3081481485,257.1494363929147,3.01,4.25
1277,2613363.3930656896,1266911.0030291968,256.86032846715335,3.95,3.88
1278,2613363.791970438,1266918.374187191,256.97502463054167,3.65,4.07
1279,2613364.976175182,1266927.3606569353,258.28299270073,4.77,3.86
1280,2613364.770183247,1266938.8053926681,257.49015706806284,2.47,3.73
1281,2613365.543522012,1266947.0283228508,257.7454507337525,2.66,3.8
1282,2612996.541252974,1266956.5311248193,272.1553108685343,9.68,4.63
1283,2613056.905636583,1266974.3438950046,273.3466048412464,10.43,5.48
1284,2613068.1480533583,1266968.4787480226,272.904141574221,10.21,5.33
1285,2613080.4616893018,1266974.3277672008,273.39885418125755,10.08,7.72
1286,2613068.979816848,1266989.4156318721,272.7828388278387,11.03,6.15
1287,2613084.571578537,1266996.8090590965,271.3972239502332,7.41,4.72
1288,2613094.9733736664,1266998.789252676,270.18867615658365,7.39,5.24
1289,2613133.885650278,1266983.3128456657,272.0275844377916,12.07,9.82
1290,2613155.621773041,1266978.3597984689,272.12281190019286,8.82,5.97
1291,2613146.909376908,1266958.9310107988,272.46888673497625,9.83,5.75
1292,2613108.4270486785,1266999.3699870752,271.53208961654343,9.46,5.77
1293,2613127.4868437764,1266995.9304678857,272.0417605075337,7.48,4.28
1294,2613164.0935144145,1266995.7077111618,270.7217489234835,6.25,6.67
1295,2613163.6481160275,1266961.1458203415,270.7162258265757,6.37,4.46
1296,2613167.620829017,1266985.2677374855,271.3546027633848,6.58,4.19
1297,2613208.5410479014,1267000.8302095819,255.05712574850278,5.03,3.93
1298,2613365.5387727222,1266964.523393939,258.7509090909093,3.65,4.04
1299,2613365.808600365,1266956.5488581965,259.1630294659295,5.06,4.32
1300,2613365.7344361804,1266987.226099737,259.5017826572384,6.65,7.38
1301,2613366.4730309355,1266972.5228453628,259.6631340206187,4.52,4.53
1302,2613392.926623376,1266994.5967456086,258.400947288006,3.7,7.29
1303,2613400.063133804,1267000.9585211265,254.76098591549294,3.81,4.17
1304,2613492.2923383797,1266725.9825858562,255.397242424242,6.44,5.09
1305,2612322.671052629,1266729.136842105,271.0237631578948,2.81,4.52
